condition,axe_transport,variante,jeu_items,mesure,lambda_median,ratio_inter,inter_ic_bas,inter_ic_haut,ratio_intra,intra_ic_bas,intra_ic_haut,ratio_total,exactitude,exact_ic_bas,exact_ic_haut,delta_exactitude,delta_ic_bas,delta_ic_haut,diversite_conservee,accord_paires,part_changee,un_dans_ic_inter
humains vague 2,aucun,aucune,149 items,entropie,1.00,1.0169,0.9819,1.0533,1.0037,0.9988,1.0084,1.0043,0.7950,0.7896,0.7999,0.0000,0.0000,0.0000,1.0043,0.4909,0.0000,oui
humains vague 2,aucun,aucune,149 items,gini_simpson,1.00,1.0192,0.9824,1.0567,1.0025,0.9983,1.0072,1.0034,0.7950,0.7896,0.7999,0.0000,0.0000,0.0000,1.0043,0.4909,0.0000,oui
humains vague 2,aucun,aucune,70 items ordinaux,entropie,1.00,1.0246,0.9807,1.0765,1.0002,0.9947,1.0054,1.0013,0.7950,0.7896,0.7999,0.0000,0.0000,0.0000,1.0043,0.4909,0.0000,oui
humains vague 2,aucun,aucune,70 items ordinaux,gini_simpson,1.00,1.0329,0.9861,1.0866,0.9993,0.9946,1.0038,1.0007,0.7950,0.7896,0.7999,0.0000,0.0000,0.0000,1.0043,0.4909,0.0000,oui
humains vague 2,aucun,aucune,70 items ordinaux,variance_ordinale,1.00,1.0387,0.9931,1.0828,0.9884,0.9768,0.9999,0.9929,0.7950,0.7896,0.7999,0.0000,0.0000,0.0000,1.0043,0.4909,0.0000,oui
humains vague 2,aucun,aucune,149 items,entropie,1.00,1.0102,0.9748,1.0421,1.0039,0.9989,1.0083,1.0043,0.7950,0.7896,0.7999,0.0000,0.0000,0.0000,1.0043,0.4909,0.0000,oui
humains vague 2,aucun,aucune,149 items,gini_simpson,1.00,1.0253,0.9903,1.0589,1.0021,0.9973,1.0065,1.0034,0.7950,0.7896,0.7999,0.0000,0.0000,0.0000,1.0043,0.4909,0.0000,oui
humains vague 2,aucun,aucune,70 items ordinaux,entropie,1.00,1.0096,0.9651,1.0555,1.0008,0.9948,1.0062,1.0013,0.7950,0.7896,0.7999,0.0000,0.0000,0.0000,1.0043,0.4909,0.0000,oui
humains vague 2,aucun,aucune,70 items ordinaux,gini_simpson,1.00,1.0315,0.9841,1.0816,0.9993,0.9944,1.0043,1.0007,0.7950,0.7896,0.7999,0.0000,0.0000,0.0000,1.0043,0.4909,0.0000,oui
humains vague 2,aucun,aucune,70 items ordinaux,variance_ordinale,1.00,1.0292,0.9801,1.0813,0.9891,0.9774,1.0010,0.9929,0.7950,0.7896,0.7999,0.0000,0.0000,0.0000,1.0043,0.4909,0.0000,oui
agents composite,aucun,aucune,149 items,entropie,1.00,2.1309,2.0415,2.2189,0.8336,0.8264,0.8408,0.8933,0.6840,0.6800,0.6880,0.0000,0.0000,0.0000,0.8932,0.5390,0.0000,non
agents composite,aucun,aucune,149 items,gini_simpson,1.00,2.1543,2.0611,2.2548,0.8432,0.8359,0.8504,0.9087,0.6840,0.6800,0.6880,0.0000,0.0000,0.0000,0.8932,0.5390,0.0000,non
agents composite,aucun,aucune,70 items ordinaux,entropie,1.00,2.4865,2.3642,2.6221,0.8187,0.8100,0.8267,0.8919,0.6840,0.6800,0.6880,0.0000,0.0000,0.0000,0.8932,0.5390,0.0000,non
agents composite,aucun,aucune,70 items ordinaux,gini_simpson,1.00,2.5707,2.4277,2.7238,0.8347,0.8255,0.8422,0.9106,0.6840,0.6800,0.6880,0.0000,0.0000,0.0000,0.8932,0.5390,0.0000,non
agents composite,aucun,aucune,70 items ordinaux,variance_ordinale,1.00,2.3597,2.2193,2.5022,0.7545,0.7385,0.7697,0.8969,0.6840,0.6800,0.6880,0.0000,0.0000,0.0000,0.8932,0.5390,0.0000,non
agents composite,aucun,aucune,149 items,entropie,1.00,1.9528,1.8726,2.0268,0.8352,0.8284,0.8423,0.8933,0.6840,0.6800,0.6880,0.0000,0.0000,0.0000,0.8932,0.5390,0.0000,non
agents composite,aucun,aucune,149 items,gini_simpson,1.00,1.9933,1.9086,2.0812,0.8466,0.8387,0.8540,0.9087,0.6840,0.6800,0.6880,0.0000,0.0000,0.0000,0.8932,0.5390,0.0000,non
agents composite,aucun,aucune,70 items ordinaux,entropie,1.00,2.2852,2.1683,2.3900,0.8238,0.8144,0.8318,0.8919,0.6840,0.6800,0.6880,0.0000,0.0000,0.0000,0.8932,0.5390,0.0000,non
agents composite,aucun,aucune,70 items ordinaux,gini_simpson,1.00,2.4287,2.2979,2.5597,0.8404,0.8303,0.8487,0.9106,0.6840,0.6800,0.6880,0.0000,0.0000,0.0000,0.8932,0.5390,0.0000,non
agents composite,aucun,aucune,70 items ordinaux,variance_ordinale,1.00,2.2073,2.0794,2.3348,0.7596,0.7441,0.7751,0.8969,0.6840,0.6800,0.6880,0.0000,0.0000,0.0000,0.8932,0.5390,0.0000,non
agents enquete,aucun,aucune,149 items,entropie,1.00,2.5245,2.4142,2.6283,0.7778,0.7703,0.7862,0.8583,0.6510,0.6471,0.6548,0.0000,0.0000,0.0000,0.8582,0.5544,0.0000,non
agents enquete,aucun,aucune,149 items,gini_simpson,1.00,2.5156,2.3998,2.6386,0.7922,0.7846,0.8009,0.8783,0.6510,0.6471,0.6548,0.0000,0.0000,0.0000,0.8582,0.5544,0.0000,non
agents enquete,aucun,aucune,70 items ordinaux,entropie,1.00,2.9890,2.8317,3.1542,0.7597,0.7504,0.7690,0.8575,0.6510,0.6471,0.6548,0.0000,0.0000,0.0000,0.8582,0.5544,0.0000,non
agents enquete,aucun,aucune,70 items ordinaux,gini_simpson,1.00,3.0374,2.8461,3.2351,0.7773,0.7681,0.7872,0.8761,0.6510,0.6471,0.6548,0.0000,0.0000,0.0000,0.8582,0.5544,0.0000,non
agents enquete,aucun,aucune,70 items ordinaux,variance_ordinale,1.00,2.6725,2.5040,2.8474,0.7036,0.6903,0.7182,0.8782,0.6510,0.6471,0.6548,0.0000,0.0000,0.0000,0.8582,0.5544,0.0000,non
agents enquete,aucun,aucune,149 items,entropie,1.00,2.1242,2.0436,2.2039,0.7888,0.7806,0.7971,0.8583,0.6510,0.6471,0.6548,0.0000,0.0000,0.0000,0.8582,0.5544,0.0000,non
agents enquete,aucun,aucune,149 items,gini_simpson,1.00,2.1714,2.0793,2.2654,0.8042,0.7960,0.8128,0.8783,0.6510,0.6471,0.6548,0.0000,0.0000,0.0000,0.8582,0.5544,0.0000,non
agents enquete,aucun,aucune,70 items ordinaux,entropie,1.00,2.5473,2.4341,2.6630,0.7750,0.7656,0.7843,0.8575,0.6510,0.6471,0.6548,0.0000,0.0000,0.0000,0.8582,0.5544,0.0000,non
agents enquete,aucun,aucune,70 items ordinaux,gini_simpson,1.00,2.6746,2.5411,2.8232,0.7930,0.7836,0.8025,0.8761,0.6510,0.6471,0.6548,0.0000,0.0000,0.0000,0.8582,0.5544,0.0000,non
agents enquete,aucun,aucune,70 items ordinaux,variance_ordinale,1.00,2.3588,2.2410,2.4855,0.7231,0.7101,0.7376,0.8783,0.6510,0.6471,0.6548,0.0000,0.0000,0.0000,0.8582,0.5544,0.0000,non
agents entretien (v3),aucun,aucune,149 items,entropie,1.00,2.7881,2.6242,2.9534,0.7720,0.7620,0.7816,0.8649,0.6565,0.6526,0.6602,0.0000,0.0000,0.0000,0.8648,0.5602,0.0000,non
agents entretien (v3),aucun,aucune,149 items,gini_simpson,1.00,2.8215,2.6540,3.0240,0.7642,0.7538,0.7744,0.8669,0.6565,0.6526,0.6602,0.0000,0.0000,0.0000,0.8648,0.5602,0.0000,non
agents entretien (v3),aucun,aucune,70 items ordinaux,entropie,1.00,3.1641,2.9625,3.3803,0.7854,0.7729,0.7961,0.8898,0.6565,0.6526,0.6602,0.0000,0.0000,0.0000,0.8648,0.5602,0.0000,non
agents entretien (v3),aucun,aucune,70 items ordinaux,gini_simpson,1.00,3.3542,3.1211,3.6177,0.7883,0.7752,0.7999,0.9004,0.6565,0.6526,0.6602,0.0000,0.0000,0.0000,0.8648,0.5602,0.0000,non
agents entretien (v3),aucun,aucune,70 items ordinaux,variance_ordinale,1.00,3.2180,2.9570,3.4777,0.7307,0.7109,0.7499,0.9513,0.6565,0.6526,0.6602,0.0000,0.0000,0.0000,0.8648,0.5602,0.0000,non
agents entretien (v3),aucun,aucune,149 items,entropie,1.00,2.5293,2.4029,2.6645,0.7736,0.7637,0.7839,0.8649,0.6565,0.6526,0.6602,0.0000,0.0000,0.0000,0.8648,0.5602,0.0000,non
agents entretien (v3),aucun,aucune,149 items,gini_simpson,1.00,2.6149,2.4683,2.7724,0.7668,0.7565,0.7779,0.8669,0.6565,0.6526,0.6602,0.0000,0.0000,0.0000,0.8648,0.5602,0.0000,non
agents entretien (v3),aucun,aucune,70 items ordinaux,entropie,1.00,3.0088,2.8534,3.1838,0.7863,0.7744,0.7979,0.8898,0.6565,0.6526,0.6602,0.0000,0.0000,0.0000,0.8648,0.5602,0.0000,non
agents entretien (v3),aucun,aucune,70 items ordinaux,gini_simpson,1.00,3.2950,3.1112,3.5049,0.7897,0.7772,0.8012,0.9004,0.6565,0.6526,0.6602,0.0000,0.0000,0.0000,0.8648,0.5602,0.0000,non
agents entretien (v3),aucun,aucune,70 items ordinaux,variance_ordinale,1.00,3.0782,2.8661,3.2908,0.7284,0.7080,0.7476,0.9513,0.6565,0.6526,0.6602,0.0000,0.0000,0.0000,0.8648,0.5602,0.0000,non
agents demographiques (v8),aucun,aucune,149 items,entropie,1.00,8.3786,7.7309,9.0289,0.4364,0.4243,0.4492,0.8022,0.5592,0.5544,0.5642,0.0000,0.0000,0.0000,0.8021,0.5811,0.0000,non
agents demographiques (v8),aucun,aucune,149 items,gini_simpson,1.00,8.1184,7.4722,8.8207,0.4424,0.4315,0.4550,0.8256,0.5592,0.5544,0.5642,0.0000,0.0000,0.0000,0.8021,0.5811,0.0000,non
agents demographiques (v8),aucun,aucune,70 items ordinaux,entropie,1.00,9.8836,9.0402,10.6915,0.4149,0.3995,0.4293,0.8304,0.5592,0.5544,0.5642,0.0000,0.0000,0.0000,0.8021,0.5811,0.0000,non
agents demographiques (v8),aucun,aucune,70 items ordinaux,gini_simpson,1.00,10.1762,9.2665,11.1111,0.4224,0.4084,0.4364,0.8485,0.5592,0.5544,0.5642,0.0000,0.0000,0.0000,0.8021,0.5811,0.0000,non
agents demographiques (v8),aucun,aucune,70 items ordinaux,variance_ordinale,1.00,7.7079,6.9208,8.4875,0.2961,0.2792,0.3127,0.9535,0.5592,0.5544,0.5642,0.0000,0.0000,0.0000,0.8021,0.5811,0.0000,non
agents demographiques (v8),aucun,aucune,149 items,entropie,1.00,6.6375,6.2424,7.0082,0.4821,0.4697,0.4946,0.8022,0.5592,0.5544,0.5642,0.0000,0.0000,0.0000,0.8021,0.5811,0.0000,non
agents demographiques (v8),aucun,aucune,149 items,gini_simpson,1.00,6.5305,6.1280,6.9539,0.4989,0.4857,0.5107,0.8256,0.5592,0.5544,0.5642,0.0000,0.0000,0.0000,0.8021,0.5811,0.0000,non
agents demographiques (v8),aucun,aucune,70 items ordinaux,entropie,1.00,7.9929,7.5083,8.4471,0.4806,0.4660,0.4944,0.8304,0.5592,0.5544,0.5642,0.0000,0.0000,0.0000,0.8021,0.5811,0.0000,non
agents demographiques (v8),aucun,aucune,70 items ordinaux,gini_simpson,1.00,8.3559,7.7949,8.9035,0.5016,0.4871,0.5162,0.8485,0.5592,0.5544,0.5642,0.0000,0.0000,0.0000,0.8021,0.5811,0.0000,non
agents demographiques (v8),aucun,aucune,70 items ordinaux,variance_ordinale,1.00,6.8050,6.2867,7.3467,0.3402,0.3233,0.3588,0.9535,0.5592,0.5544,0.5642,0.0000,0.0000,0.0000,0.8021,0.5811,0.0000,non
agents composite,political_ideology,dilatation,149 items,entropie,0.80,1.1338,1.0434,1.2281,1.0285,1.0184,1.0372,1.0334,0.6533,0.6489,0.6575,-0.0307,-0.0324,-0.0290,1.0334,0.4745,0.0714,non
agents composite,political_ideology,dilatation,149 items,gini_simpson,0.80,1.3296,1.2325,1.4264,1.0202,1.0086,1.0299,1.0357,0.6533,0.6489,0.6575,-0.0307,-0.0324,-0.0290,1.0334,0.4745,0.0714,non
agents composite,political_ideology,dilatation,70 items ordinaux,entropie,0.80,1.3519,1.2518,1.4613,0.9854,0.9757,0.9944,1.0015,0.6533,0.6489,0.6575,-0.0307,-0.0324,-0.0290,1.0334,0.4745,0.0714,non
agents composite,political_ideology,dilatation,70 items ordinaux,gini_simpson,0.80,1.5963,1.4738,1.7334,0.9699,0.9596,0.9791,0.9972,0.6533,0.6489,0.6575,-0.0307,-0.0324,-0.0290,1.0334,0.4745,0.0714,non
agents composite,political_ideology,dilatation,70 items ordinaux,variance_ordinale,0.80,1.4817,1.3507,1.6039,1.0051,0.9845,1.0259,1.0473,0.6533,0.6489,0.6575,-0.0307,-0.0324,-0.0290,1.0334,0.4745,0.0714,non
agents composite,political_ideology,informee,149 items,entropie,0.70,0.9871,0.9043,1.0681,0.8885,0.8804,0.8955,0.8930,0.6750,0.6710,0.6791,-0.0090,-0.0101,-0.0079,0.8929,0.5391,0.0390,oui
agents composite,political_ideology,informee,149 items,gini_simpson,0.70,1.0532,0.9677,1.1448,0.9009,0.8917,0.9091,0.9085,0.6750,0.6710,0.6791,-0.0090,-0.0101,-0.0079,0.8929,0.5391,0.0390,oui
agents composite,political_ideology,informee,70 items ordinaux,entropie,0.70,1.1480,1.0563,1.2447,0.8800,0.8709,0.8873,0.8917,0.6750,0.6710,0.6791,-0.0090,-0.0101,-0.0079,0.8929,0.5391,0.0390,non
agents composite,political_ideology,informee,70 items ordinaux,gini_simpson,0.70,1.2565,1.1448,1.3726,0.8947,0.8854,0.9032,0.9105,0.6750,0.6710,0.6791,-0.0090,-0.0101,-0.0079,0.8929,0.5391,0.0390,non
agents composite,political_ideology,informee,70 items ordinaux,variance_ordinale,0.70,1.1539,1.0470,1.2585,0.8717,0.8553,0.8884,0.8967,0.6750,0.6710,0.6791,-0.0090,-0.0101,-0.0079,0.8929,0.5391,0.0390,non
agents composite,political_ideology,naive,149 items,entropie,0.70,0.9871,0.9357,1.0395,0.8885,0.8826,0.8944,0.8930,0.6658,0.6620,0.6697,-0.0181,-0.0193,-0.0170,0.8929,0.5391,0.0390,oui
agents composite,political_ideology,naive,149 items,gini_simpson,0.70,1.0532,0.9992,1.1155,0.9009,0.8942,0.9074,0.9085,0.6658,0.6620,0.6697,-0.0181,-0.0193,-0.0170,0.8929,0.5391,0.0390,oui
agents composite,political_ideology,naive,70 items ordinaux,entropie,0.70,1.1480,1.0756,1.2280,0.8800,0.8730,0.8869,0.8917,0.6658,0.6620,0.6697,-0.0181,-0.0193,-0.0170,0.8929,0.5391,0.0390,non
agents composite,political_ideology,naive,70 items ordinaux,gini_simpson,0.70,1.2565,1.1739,1.3523,0.8947,0.8872,0.9015,0.9105,0.6658,0.6620,0.6697,-0.0181,-0.0193,-0.0170,0.8929,0.5391,0.0390,non
agents composite,political_ideology,naive,70 items ordinaux,variance_ordinale,0.70,1.1539,1.0669,1.2322,0.8717,0.8568,0.8869,0.8967,0.6658,0.6620,0.6697,-0.0181,-0.0193,-0.0170,0.8929,0.5391,0.0390,non
agents composite,profil croise,dilatation,149 items,entropie,0.80,0.9725,0.8969,1.0466,1.0292,1.0193,1.0391,1.0262,0.6543,0.6500,0.6584,-0.0297,-0.0315,-0.0280,1.0263,0.4780,0.0674,oui
agents composite,profil croise,dilatation,149 items,gini_simpson,0.80,1.2147,1.1333,1.2894,1.0181,1.0076,1.0294,1.0288,0.6543,0.6500,0.6584,-0.0297,-0.0315,-0.0280,1.0263,0.4780,0.0674,non
agents composite,profil croise,dilatation,70 items ordinaux,entropie,0.80,1.1625,1.0600,1.2536,0.9879,0.9772,0.9971,0.9960,0.6543,0.6500,0.6584,-0.0297,-0.0315,-0.0280,1.0263,0.4780,0.0674,non
agents composite,profil croise,dilatation,70 items ordinaux,gini_simpson,0.80,1.4812,1.3678,1.5850,0.9701,0.9592,0.9798,0.9927,0.6543,0.6500,0.6584,-0.0297,-0.0315,-0.0280,1.0263,0.4780,0.0674,non
agents composite,profil croise,dilatation,70 items ordinaux,variance_ordinale,0.80,1.3795,1.2539,1.4872,1.0032,0.9829,1.0251,1.0389,0.6543,0.6500,0.6584,-0.0297,-0.0315,-0.0280,1.0263,0.4780,0.0674,non
agents composite,profil croise,informee,149 items,entropie,0.70,0.9486,0.8832,1.0156,0.8910,0.8833,0.8985,0.8940,0.6735,0.6695,0.6777,-0.0104,-0.0116,-0.0093,0.8939,0.5382,0.0409,oui
agents composite,profil croise,informee,149 items,gini_simpson,0.70,1.0351,0.9554,1.1133,0.9031,0.8946,0.9119,0.9103,0.6735,0.6695,0.6777,-0.0104,-0.0116,-0.0093,0.8939,0.5382,0.0409,oui
agents composite,profil croise,informee,70 items ordinaux,entropie,0.70,1.0956,1.0089,1.1741,0.8822,0.8733,0.8900,0.8921,0.6735,0.6695,0.6777,-0.0104,-0.0116,-0.0093,0.8939,0.5382,0.0409,non
agents composite,profil croise,informee,70 items ordinaux,gini_simpson,0.70,1.2434,1.1377,1.3420,0.8962,0.8863,0.9049,0.9115,0.6735,0.6695,0.6777,-0.0104,-0.0116,-0.0093,0.8939,0.5382,0.0409,non
agents composite,profil croise,informee,70 items ordinaux,variance_ordinale,0.70,1.1407,1.0315,1.2335,0.8743,0.8557,0.8922,0.8996,0.6735,0.6695,0.6777,-0.0104,-0.0116,-0.0093,0.8939,0.5382,0.0409,non
agents composite,profil croise,naive,149 items,entropie,0.70,0.9486,0.9038,0.9913,0.8910,0.8850,0.8975,0.8940,0.6649,0.6611,0.6688,-0.0190,-0.0202,-0.0179,0.8939,0.5382,0.0409,non
agents composite,profil croise,naive,149 items,gini_simpson,0.70,1.0351,0.9839,1.0888,0.9031,0.8969,0.9097,0.9103,0.6649,0.6611,0.6688,-0.0190,-0.0202,-0.0179,0.8939,0.5382,0.0409,oui
agents composite,profil croise,naive,70 items ordinaux,entropie,0.70,1.0956,1.0347,1.1604,0.8822,0.8748,0.8891,0.8921,0.6649,0.6611,0.6688,-0.0190,-0.0202,-0.0179,0.8939,0.5382,0.0409,non
agents composite,profil croise,naive,70 items ordinaux,gini_simpson,0.70,1.2434,1.1742,1.3249,0.8962,0.8876,0.9035,0.9115,0.6649,0.6611,0.6688,-0.0190,-0.0202,-0.0179,0.8939,0.5382,0.0409,non
agents composite,profil croise,naive,70 items ordinaux,variance_ordinale,0.70,1.1407,1.0614,1.2135,0.8743,0.8585,0.8904,0.8996,0.6649,0.6611,0.6688,-0.0190,-0.0202,-0.0179,0.8939,0.5382,0.0409,non
agents demographiques (v8),political_ideology,dilatation,149 items,entropie,0.60,2.2882,2.0720,2.5091,0.9827,0.9705,0.9952,1.0428,0.4888,0.4844,0.4933,-0.0704,-0.0737,-0.0669,1.0431,0.4527,0.1977,non
agents demographiques (v8),political_ideology,dilatation,149 items,gini_simpson,0.60,2.6840,2.4189,2.9560,0.9943,0.9800,1.0074,1.0787,0.4888,0.4844,0.4933,-0.0704,-0.0737,-0.0669,1.0431,0.4527,0.1977,non
agents demographiques (v8),political_ideology,dilatation,70 items ordinaux,entropie,0.60,2.8901,2.6102,3.1826,0.9246,0.9122,0.9374,1.0108,0.4888,0.4844,0.4933,-0.0704,-0.0737,-0.0669,1.0431,0.4527,0.1977,non
agents demographiques (v8),political_ideology,dilatation,70 items ordinaux,gini_simpson,0.60,3.4640,3.1095,3.8450,0.9137,0.8991,0.9276,1.0251,0.4888,0.4844,0.4933,-0.0704,-0.0737,-0.0669,1.0431,0.4527,0.1977,non
agents demographiques (v8),political_ideology,dilatation,70 items ordinaux,variance_ordinale,0.60,2.6346,2.3355,2.9311,0.9857,0.9609,1.0116,1.1319,0.4888,0.4844,0.4933,-0.0704,-0.0737,-0.0669,1.0431,0.4527,0.1977,non
agents demographiques (v8),political_ideology,informee,149 items,entropie,0.30,0.9075,0.8001,1.0204,0.7965,0.7866,0.8071,0.8016,0.5249,0.5207,0.5290,-0.0343,-0.0375,-0.0311,0.8016,0.5811,0.1800,oui
agents demographiques (v8),political_ideology,informee,149 items,gini_simpson,0.30,0.9774,0.8613,1.1110,0.8176,0.8065,0.8292,0.8256,0.5249,0.5207,0.5290,-0.0343,-0.0375,-0.0311,0.8016,0.5811,0.1800,oui
agents demographiques (v8),political_ideology,informee,70 items ordinaux,entropie,0.30,1.1166,0.9778,1.2547,0.8168,0.8052,0.8281,0.8300,0.5249,0.5207,0.5290,-0.0343,-0.0375,-0.0311,0.8016,0.5811,0.1800,oui
agents demographiques (v8),political_ideology,informee,70 items ordinaux,gini_simpson,0.30,1.2622,1.1012,1.4355,0.8295,0.8181,0.8409,0.8484,0.5249,0.5207,0.5290,-0.0343,-0.0375,-0.0311,0.8016,0.5811,0.1800,non
agents demographiques (v8),political_ideology,informee,70 items ordinaux,variance_ordinale,0.30,0.9305,0.7928,1.0601,0.9562,0.9303,0.9822,0.9539,0.5249,0.5207,0.5290,-0.0343,-0.0375,-0.0311,0.8016,0.5811,0.1800,oui
agents demographiques (v8),political_ideology,naive,149 items,entropie,0.30,0.9075,0.8246,0.9907,0.7965,0.7885,0.8044,0.8016,0.5205,0.5170,0.5241,-0.0386,-0.0415,-0.0359,0.8016,0.5811,0.1800,non
agents demographiques (v8),political_ideology,naive,149 items,gini_simpson,0.30,0.9774,0.8913,1.0768,0.8176,0.8086,0.8262,0.8256,0.5205,0.5170,0.5241,-0.0386,-0.0415,-0.0359,0.8016,0.5811,0.1800,oui
agents demographiques (v8),political_ideology,naive,70 items ordinaux,entropie,0.30,1.1166,1.0054,1.2404,0.8168,0.8076,0.8247,0.8300,0.5205,0.5170,0.5241,-0.0386,-0.0415,-0.0359,0.8016,0.5811,0.1800,non
agents demographiques (v8),political_ideology,naive,70 items ordinaux,gini_simpson,0.30,1.2622,1.1465,1.4117,0.8295,0.8206,0.8381,0.8484,0.5205,0.5170,0.5241,-0.0386,-0.0415,-0.0359,0.8016,0.5811,0.1800,non
agents demographiques (v8),political_ideology,naive,70 items ordinaux,variance_ordinale,0.30,0.9305,0.8202,1.0439,0.9562,0.9348,0.9790,0.9539,0.5205,0.5170,0.5241,-0.0386,-0.0415,-0.0359,0.8016,0.5811,0.1800,oui
agents demographiques (v8),profil croise,dilatation,149 items,entropie,0.60,1.9702,1.8134,2.1170,0.9830,0.9697,0.9990,1.0343,0.4962,0.4915,0.5007,-0.0630,-0.0663,-0.0597,1.0346,0.4579,0.1800,non
agents demographiques (v8),profil croise,dilatation,149 items,gini_simpson,0.60,2.3412,2.1464,2.5366,0.9957,0.9814,1.0123,1.0685,0.4962,0.4915,0.5007,-0.0630,-0.0663,-0.0597,1.0346,0.4579,0.1800,non
agents demographiques (v8),profil croise,dilatation,70 items ordinaux,entropie,0.60,2.4950,2.2973,2.6836,0.9314,0.9174,0.9464,1.0042,0.4962,0.4915,0.5007,-0.0630,-0.0663,-0.0597,1.0346,0.4579,0.1800,non
agents demographiques (v8),profil croise,dilatation,70 items ordinaux,gini_simpson,0.60,3.0521,2.7930,3.3060,0.9237,0.9092,0.9388,1.0177,0.4962,0.4915,0.5007,-0.0630,-0.0663,-0.0597,1.0346,0.4579,0.1800,non
agents demographiques (v8),profil croise,dilatation,70 items ordinaux,variance_ordinale,0.60,2.5010,2.2537,2.7636,0.9791,0.9511,1.0098,1.1234,0.4962,0.4915,0.5007,-0.0630,-0.0663,-0.0597,1.0346,0.4579,0.1800,non
agents demographiques (v8),profil croise,informee,149 items,entropie,0.30,0.8927,0.7795,0.9994,0.8012,0.7910,0.8125,0.8060,0.5277,0.5236,0.5318,-0.0315,-0.0345,-0.0283,0.8060,0.5781,0.1739,non
agents demographiques (v8),profil croise,informee,149 items,gini_simpson,0.30,0.9795,0.8526,1.0948,0.8231,0.8124,0.8354,0.8316,0.5277,0.5236,0.5318,-0.0315,-0.0345,-0.0283,0.8060,0.5781,0.1739,oui
agents demographiques (v8),profil croise,informee,70 items ordinaux,entropie,0.30,1.0601,0.9327,1.1791,0.8226,0.8117,0.8341,0.8337,0.5277,0.5236,0.5318,-0.0315,-0.0345,-0.0283,0.8060,0.5781,0.1739,oui
agents demographiques (v8),profil croise,informee,70 items ordinaux,gini_simpson,0.30,1.2095,1.0580,1.3557,0.8362,0.8247,0.8482,0.8527,0.5277,0.5236,0.5318,-0.0315,-0.0345,-0.0283,0.8060,0.5781,0.1739,non
agents demographiques (v8),profil croise,informee,70 items ordinaux,variance_ordinale,0.30,1.0099,0.8464,1.1791,0.9557,0.9258,0.9857,0.9608,0.5277,0.5236,0.5318,-0.0315,-0.0345,-0.0283,0.8060,0.5781,0.1739,oui
agents demographiques (v8),profil croise,naive,149 items,entropie,0.30,0.8927,0.7955,0.9894,0.8012,0.7921,0.8111,0.8060,0.5203,0.5168,0.5238,-0.0389,-0.0417,-0.0359,0.8060,0.5781,0.1739,non
agents demographiques (v8),profil croise,naive,149 items,gini_simpson,0.30,0.9795,0.8621,1.0926,0.8231,0.8125,0.8339,0.8316,0.5203,0.5168,0.5238,-0.0389,-0.0417,-0.0359,0.8060,0.5781,0.1739,oui
agents demographiques (v8),profil croise,naive,70 items ordinaux,entropie,0.30,1.0601,0.9484,1.1657,0.8226,0.8127,0.8333,0.8337,0.5203,0.5168,0.5238,-0.0389,-0.0417,-0.0359,0.8060,0.5781,0.1739,oui
agents demographiques (v8),profil croise,naive,70 items ordinaux,gini_simpson,0.30,1.2095,1.0736,1.3467,0.8362,0.8259,0.8468,0.8527,0.5203,0.5168,0.5238,-0.0389,-0.0417,-0.0359,0.8060,0.5781,0.1739,non
agents demographiques (v8),profil croise,naive,70 items ordinaux,variance_ordinale,0.30,1.0099,0.8548,1.1745,0.9557,0.9314,0.9866,0.9608,0.5203,0.5168,0.5238,-0.0389,-0.0417,-0.0359,0.8060,0.5781,0.1739,oui
agents enquete,political_ideology,dilatation,149 items,entropie,0.80,1.3422,1.2534,1.4205,0.9906,0.9815,1.0004,1.0068,0.6259,0.6220,0.6297,-0.0251,-0.0266,-0.0236,1.0069,0.4865,0.0748,non
agents enquete,political_ideology,dilatation,149 items,gini_simpson,0.80,1.5580,1.4616,1.6467,0.9833,0.9724,0.9946,1.0120,0.6259,0.6220,0.6297,-0.0251,-0.0266,-0.0236,1.0069,0.4865,0.0748,non
agents enquete,political_ideology,dilatation,70 items ordinaux,entropie,0.80,1.6176,1.5046,1.7181,0.9450,0.9350,0.9560,0.9745,0.6259,0.6220,0.6297,-0.0251,-0.0266,-0.0236,1.0069,0.4865,0.0748,non
agents enquete,political_ideology,dilatation,70 items ordinaux,gini_simpson,0.80,1.8870,1.7550,2.0176,0.9303,0.9199,0.9417,0.9721,0.6259,0.6220,0.6297,-0.0251,-0.0266,-0.0236,1.0069,0.4865,0.0748,non
agents enquete,political_ideology,dilatation,70 items ordinaux,variance_ordinale,0.80,1.6737,1.5571,1.7939,0.9663,0.9484,0.9853,1.0290,0.6259,0.6220,0.6297,-0.0251,-0.0266,-0.0236,1.0069,0.4865,0.0748,non
agents enquete,political_ideology,informee,149 items,entropie,0.60,0.8498,0.7730,0.9241,0.8582,0.8512,0.8668,0.8578,0.6410,0.6373,0.6446,-0.0100,-0.0112,-0.0087,0.8577,0.5545,0.0553,non
agents enquete,political_ideology,informee,149 items,gini_simpson,0.60,0.9076,0.8205,0.9945,0.8765,0.8681,0.8857,0.8781,0.6410,0.6373,0.6446,-0.0100,-0.0112,-0.0087,0.8577,0.5545,0.0553,non
agents enquete,political_ideology,informee,70 items ordinaux,entropie,0.60,1.0012,0.9166,1.0785,0.8507,0.8424,0.8604,0.8573,0.6410,0.6373,0.6446,-0.0100,-0.0112,-0.0087,0.8577,0.5545,0.0553,oui
agents enquete,political_ideology,informee,70 items ordinaux,gini_simpson,0.60,1.0955,0.9956,1.1884,0.8660,0.8569,0.8770,0.8760,0.6410,0.6373,0.6446,-0.0100,-0.0112,-0.0087,0.8577,0.5545,0.0553,oui
agents enquete,political_ideology,informee,70 items ordinaux,variance_ordinale,0.60,0.9660,0.8764,1.0559,0.8700,0.8531,0.8874,0.8785,0.6410,0.6373,0.6446,-0.0100,-0.0112,-0.0087,0.8577,0.5545,0.0553,oui
agents enquete,political_ideology,naive,149 items,entropie,0.60,0.8498,0.8052,0.8944,0.8582,0.8522,0.8646,0.8578,0.6286,0.6250,0.6321,-0.0224,-0.0239,-0.0209,0.8577,0.5545,0.0553,non
agents enquete,political_ideology,naive,149 items,gini_simpson,0.60,0.9076,0.8533,0.9550,0.8765,0.8700,0.8834,0.8781,0.6286,0.6250,0.6321,-0.0224,-0.0239,-0.0209,0.8577,0.5545,0.0553,non
agents enquete,political_ideology,naive,70 items ordinaux,entropie,0.60,1.0012,0.9306,1.0758,0.8507,0.8433,0.8586,0.8573,0.6286,0.6250,0.6321,-0.0224,-0.0239,-0.0209,0.8577,0.5545,0.0553,oui
agents enquete,political_ideology,naive,70 items ordinaux,gini_simpson,0.60,1.0955,1.0124,1.1845,0.8660,0.8586,0.8744,0.8760,0.6286,0.6250,0.6321,-0.0224,-0.0239,-0.0209,0.8577,0.5545,0.0553,non
agents enquete,political_ideology,naive,70 items ordinaux,variance_ordinale,0.60,0.9660,0.8909,1.0437,0.8700,0.8550,0.8854,0.8785,0.6286,0.6250,0.6321,-0.0224,-0.0239,-0.0209,0.8577,0.5545,0.0553,oui
agents enquete,profil croise,dilatation,149 items,entropie,0.80,1.0658,0.9909,1.1459,0.9954,0.9847,1.0062,0.9991,0.6270,0.6232,0.6307,-0.0240,-0.0257,-0.0224,0.9991,0.4903,0.0695,oui
agents enquete,profil croise,dilatation,149 items,gini_simpson,0.80,1.3370,1.2434,1.4225,0.9855,0.9735,0.9975,1.0045,0.6270,0.6232,0.6307,-0.0240,-0.0257,-0.0224,0.9991,0.4903,0.0695,non
agents enquete,profil croise,dilatation,70 items ordinaux,entropie,0.80,1.3069,1.2135,1.3987,0.9517,0.9407,0.9629,0.9682,0.6270,0.6232,0.6307,-0.0240,-0.0257,-0.0224,0.9991,0.4903,0.0695,non
agents enquete,profil croise,dilatation,70 items ordinaux,gini_simpson,0.80,1.6536,1.5436,1.7726,0.9348,0.9233,0.9461,0.9665,0.6270,0.6232,0.6307,-0.0240,-0.0257,-0.0224,0.9991,0.4903,0.0695,non
agents enquete,profil croise,dilatation,70 items ordinaux,variance_ordinale,0.80,1.4817,1.3733,1.5960,0.9707,0.9524,0.9902,1.0192,0.6270,0.6232,0.6307,-0.0240,-0.0257,-0.0224,0.9991,0.4903,0.0695,non
agents enquete,profil croise,informee,149 items,entropie,0.60,0.8777,0.8076,0.9436,0.8583,0.8506,0.8674,0.8593,0.6419,0.6381,0.6455,-0.0091,-0.0103,-0.0079,0.8592,0.5533,0.0500,non
agents enquete,profil croise,informee,149 items,gini_simpson,0.60,0.9767,0.8855,1.0535,0.8749,0.8653,0.8846,0.8804,0.6419,0.6381,0.6455,-0.0091,-0.0103,-0.0079,0.8592,0.5533,0.0500,oui
agents enquete,profil croise,informee,70 items ordinaux,entropie,0.60,1.0555,0.9688,1.1311,0.8489,0.8393,0.8583,0.8586,0.6419,0.6381,0.6455,-0.0091,-0.0103,-0.0079,0.8592,0.5533,0.0500,oui
agents enquete,profil croise,informee,70 items ordinaux,gini_simpson,0.60,1.2158,1.1159,1.3170,0.8622,0.8517,0.8727,0.8778,0.6419,0.6381,0.6455,-0.0091,-0.0103,-0.0079,0.8592,0.5533,0.0500,non
agents enquete,profil croise,informee,70 items ordinaux,variance_ordinale,0.60,1.0658,0.9636,1.1609,0.8621,0.8455,0.8788,0.8814,0.6419,0.6381,0.6455,-0.0091,-0.0103,-0.0079,0.8592,0.5533,0.0500,oui
agents enquete,profil croise,naive,149 items,entropie,0.60,0.8777,0.8344,0.9220,0.8583,0.8514,0.8648,0.8593,0.6304,0.6268,0.6339,-0.0206,-0.0218,-0.0194,0.8592,0.5533,0.0500,non
agents enquete,profil croise,naive,149 items,gini_simpson,0.60,0.9767,0.9222,1.0282,0.8749,0.8675,0.8817,0.8804,0.6304,0.6268,0.6339,-0.0206,-0.0218,-0.0194,0.8592,0.5533,0.0500,oui
agents enquete,profil croise,naive,70 items ordinaux,entropie,0.60,1.0555,0.9983,1.1249,0.8489,0.8408,0.8570,0.8586,0.6304,0.6268,0.6339,-0.0206,-0.0218,-0.0194,0.8592,0.5533,0.0500,oui
agents enquete,profil croise,naive,70 items ordinaux,gini_simpson,0.60,1.2158,1.1392,1.2942,0.8622,0.8541,0.8710,0.8778,0.6304,0.6268,0.6339,-0.0206,-0.0218,-0.0194,0.8592,0.5533,0.0500,non
agents enquete,profil croise,naive,70 items ordinaux,variance_ordinale,0.60,1.0658,0.9954,1.1440,0.8621,0.8470,0.8774,0.8814,0.6304,0.6268,0.6339,-0.0206,-0.0218,-0.0194,0.8592,0.5533,0.0500,oui
agents entretien (v3),political_ideology,dilatation,149 items,entropie,0.80,1.4390,1.3121,1.5757,1.0111,0.9988,1.0236,1.0308,0.6194,0.6153,0.6232,-0.0371,-0.0391,-0.0353,1.0309,0.4804,0.0852,non
agents entretien (v3),political_ideology,dilatation,149 items,gini_simpson,0.80,1.6882,1.5368,1.8434,0.9892,0.9749,1.0034,1.0241,0.6194,0.6153,0.6232,-0.0371,-0.0391,-0.0353,1.0309,0.4804,0.0852,non
agents entretien (v3),political_ideology,dilatation,70 items ordinaux,entropie,0.80,1.7288,1.5722,1.8848,0.9662,0.9534,0.9775,0.9997,0.6194,0.6153,0.6232,-0.0371,-0.0391,-0.0353,1.0309,0.4804,0.0852,non
agents entretien (v3),political_ideology,dilatation,70 items ordinaux,gini_simpson,0.80,2.0491,1.8583,2.2597,0.9450,0.9318,0.9580,0.9932,0.6194,0.6153,0.6232,-0.0371,-0.0391,-0.0353,1.0309,0.4804,0.0852,non
agents entretien (v3),political_ideology,dilatation,70 items ordinaux,variance_ordinale,0.80,1.9873,1.7880,2.1846,1.0112,0.9865,1.0353,1.0978,0.6194,0.6153,0.6232,-0.0371,-0.0391,-0.0353,1.0309,0.4804,0.0852,non
agents entretien (v3),political_ideology,informee,149 items,entropie,0.60,0.9330,0.8349,1.0319,0.8616,0.8521,0.8707,0.8649,0.6423,0.6384,0.6459,-0.0142,-0.0158,-0.0128,0.8648,0.5602,0.0586,oui
agents entretien (v3),political_ideology,informee,149 items,gini_simpson,0.60,1.0157,0.8982,1.1371,0.8591,0.8484,0.8699,0.8669,0.6423,0.6384,0.6459,-0.0142,-0.0158,-0.0128,0.8648,0.5602,0.0586,oui
agents entretien (v3),political_ideology,informee,70 items ordinaux,entropie,0.60,1.0584,0.9577,1.1813,0.8821,0.8726,0.8907,0.8898,0.6423,0.6384,0.6459,-0.0142,-0.0158,-0.0128,0.8648,0.5602,0.0586,oui
agents entretien (v3),political_ideology,informee,70 items ordinaux,gini_simpson,0.60,1.2076,1.0780,1.3493,0.8863,0.8756,0.8962,0.9004,0.6423,0.6384,0.6459,-0.0142,-0.0158,-0.0128,0.8648,0.5602,0.0586,non
agents entretien (v3),political_ideology,informee,70 items ordinaux,variance_ordinale,0.60,1.1608,1.0362,1.2955,0.9309,0.9119,0.9521,0.9513,0.6423,0.6384,0.6459,-0.0142,-0.0158,-0.0128,0.8648,0.5602,0.0586,non
agents entretien (v3),political_ideology,naive,149 items,entropie,0.60,0.9330,0.8674,1.0082,0.8616,0.8546,0.8692,0.8649,0.6328,0.6293,0.6361,-0.0237,-0.0253,-0.0223,0.8648,0.5602,0.0586,oui
agents entretien (v3),political_ideology,naive,149 items,gini_simpson,0.60,1.0157,0.9369,1.1011,0.8591,0.8516,0.8670,0.8669,0.6328,0.6293,0.6361,-0.0237,-0.0253,-0.0223,0.8648,0.5602,0.0586,oui
agents entretien (v3),political_ideology,naive,70 items ordinaux,entropie,0.60,1.0584,0.9728,1.1565,0.8821,0.8742,0.8899,0.8898,0.6328,0.6293,0.6361,-0.0237,-0.0253,-0.0223,0.8648,0.5602,0.0586,oui
agents entretien (v3),political_ideology,naive,70 items ordinaux,gini_simpson,0.60,1.2076,1.0981,1.3368,0.8863,0.8781,0.8946,0.9004,0.6328,0.6293,0.6361,-0.0237,-0.0253,-0.0223,0.8648,0.5602,0.0586,non
agents entretien (v3),political_ideology,naive,70 items ordinaux,variance_ordinale,0.60,1.1608,1.0462,1.2800,0.9309,0.9122,0.9502,0.9513,0.6328,0.6293,0.6361,-0.0237,-0.0253,-0.0223,0.8648,0.5602,0.0586,non
agents entretien (v3),profil croise,dilatation,149 items,entropie,0.80,1.2696,1.1614,1.3778,1.0088,0.9947,1.0202,1.0224,0.6211,0.6169,0.6250,-0.0354,-0.0374,-0.0334,1.0225,0.4848,0.0806,non
agents entretien (v3),profil croise,dilatation,149 items,gini_simpson,0.80,1.5629,1.4287,1.6907,0.9841,0.9696,0.9970,1.0154,0.6211,0.6169,0.6250,-0.0354,-0.0374,-0.0334,1.0225,0.4848,0.0806,non
agents entretien (v3),profil croise,dilatation,70 items ordinaux,entropie,0.80,1.5992,1.4677,1.7287,0.9642,0.9505,0.9758,0.9937,0.6211,0.6169,0.6250,-0.0354,-0.0374,-0.0334,1.0225,0.4848,0.0806,non
agents entretien (v3),profil croise,dilatation,70 items ordinaux,gini_simpson,0.80,2.0128,1.8543,2.1777,0.9405,0.9265,0.9526,0.9878,0.6211,0.6169,0.6250,-0.0354,-0.0374,-0.0334,1.0225,0.4848,0.0806,non
agents entretien (v3),profil croise,dilatation,70 items ordinaux,variance_ordinale,0.80,1.9090,1.7471,2.0866,1.0030,0.9766,1.0287,1.0890,0.6211,0.6169,0.6250,-0.0354,-0.0374,-0.0334,1.0225,0.4848,0.0806,non
agents entretien (v3),profil croise,informee,149 items,entropie,0.60,0.9008,0.8127,0.9889,0.8635,0.8538,0.8727,0.8654,0.6415,0.6375,0.6451,-0.0150,-0.0165,-0.0135,0.8653,0.5594,0.0608,non
agents entretien (v3),profil croise,informee,149 items,gini_simpson,0.60,1.0167,0.9079,1.1269,0.8600,0.8496,0.8697,0.8685,0.6415,0.6375,0.6451,-0.0150,-0.0165,-0.0135,0.8653,0.5594,0.0608,oui
agents entretien (v3),profil croise,informee,70 items ordinaux,entropie,0.60,1.0655,0.9702,1.1633,0.8817,0.8703,0.8916,0.8903,0.6415,0.6375,0.6451,-0.0150,-0.0165,-0.0135,0.8653,0.5594,0.0608,oui
agents entretien (v3),profil croise,informee,70 items ordinaux,gini_simpson,0.60,1.2738,1.1467,1.3997,0.8843,0.8729,0.8943,0.9015,0.6415,0.6375,0.6451,-0.0150,-0.0165,-0.0135,0.8653,0.5594,0.0608,non
agents entretien (v3),profil croise,informee,70 items ordinaux,variance_ordinale,0.60,1.1935,1.0664,1.3282,0.9277,0.9068,0.9491,0.9530,0.6415,0.6375,0.6451,-0.0150,-0.0165,-0.0135,0.8653,0.5594,0.0608,non
agents entretien (v3),profil croise,naive,149 items,entropie,0.60,0.9008,0.8431,0.9632,0.8635,0.8556,0.8712,0.8654,0.6324,0.6289,0.6357,-0.0242,-0.0255,-0.0228,0.8653,0.5594,0.0608,non
agents entretien (v3),profil croise,naive,149 items,gini_simpson,0.60,1.0167,0.9453,1.0917,0.8600,0.8513,0.8684,0.8685,0.6324,0.6289,0.6357,-0.0242,-0.0255,-0.0228,0.8653,0.5594,0.0608,oui
agents entretien (v3),profil croise,naive,70 items ordinaux,entropie,0.60,1.0655,0.9873,1.1469,0.8817,0.8732,0.8898,0.8903,0.6324,0.6289,0.6357,-0.0242,-0.0255,-0.0228,0.8653,0.5594,0.0608,oui
agents entretien (v3),profil croise,naive,70 items ordinaux,gini_simpson,0.60,1.2738,1.1707,1.3766,0.8843,0.8756,0.8926,0.9015,0.6324,0.6289,0.6357,-0.0242,-0.0255,-0.0228,0.8653,0.5594,0.0608,non
agents entretien (v3),profil croise,naive,70 items ordinaux,variance_ordinale,0.60,1.1935,1.0927,1.2989,0.9277,0.9076,0.9466,0.9530,0.6324,0.6289,0.6357,-0.0242,-0.0255,-0.0228,0.8653,0.5594,0.0608,non
