perimetre,seuil,partition,tercile,condition,cellules_minoritaires,raretes_osees,rappel,rappel_ic_bas,rappel_ic_haut,precision,precision_ic_bas,precision_ic_haut,f1,plancher_segment,plancher_item,rappel_sur_cellules_a_plancher,exces_sur_plancher
1052,0.100000,D_seg segment,T1 non deductible,agents composite,1866,1452,0.218114,0.196518,0.239979,0.280303,0.255464,0.304745,0.245329,0.000000,0.051687,0.218114,0.218114
1052,0.100000,D_seg segment,T2 intermediaire,agents composite,1562,1476,0.285531,0.260064,0.311171,0.302168,0.275716,0.328150,0.293614,0.065695,0.062409,0.285531,0.219836
1052,0.100000,D_seg segment,T3 deductible,agents composite,1686,1810,0.403915,0.374922,0.433987,0.376243,0.349675,0.402988,0.389588,0.220358,0.073437,0.403915,0.183557
1052,0.100000,D_seg segment,ensemble,agents composite,5709,5420,0.306884,0.290326,0.323851,0.323247,0.307593,0.338698,0.314853,0.092714,0.062262,0.299961,0.207247
1052,0.100000,D_logit regression,T1 non deductible,agents composite,1903,1480,0.199159,0.179636,0.217792,0.256081,0.232336,0.280159,0.224061,0.038846,0.049497,0.197695,0.158849
1052,0.100000,D_logit regression,T2 intermediaire,agents composite,1903,1842,0.286390,0.263903,0.308732,0.295874,0.273358,0.317951,0.291055,0.075884,0.064260,0.281666,0.205781
1052,0.100000,D_logit regression,T3 deductible,agents composite,1903,2098,0.435102,0.405756,0.465130,0.394662,0.369024,0.420633,0.413897,0.166992,0.073029,0.426667,0.259674
1052,0.100000,D_logit regression,ensemble,agents composite,5709,5420,0.306884,0.290326,0.323851,0.323247,0.307593,0.338698,0.314853,0.092714,0.062262,0.299961,0.207247
1052,0.100000,D_seg segment,T1 non deductible,agents entretien (v3),1866,1574,0.202572,0.181817,0.223627,0.240152,0.217474,0.263552,0.219767,0.000000,0.051687,0.202572,0.202572
1052,0.100000,D_seg segment,T2 intermediaire,agents entretien (v3),1562,1527,0.265045,0.240180,0.289841,0.271120,0.246931,0.296194,0.268048,0.065695,0.062409,0.265045,0.199350
1052,0.100000,D_seg segment,T3 deductible,agents entretien (v3),1686,2023,0.407473,0.377391,0.437196,0.339595,0.312278,0.368019,0.370450,0.220358,0.073437,0.407473,0.187115
1052,0.100000,D_seg segment,ensemble,agents entretien (v3),5709,5808,0.295323,0.279215,0.311183,0.290289,0.275146,0.305643,0.292785,0.092714,0.062262,0.289206,0.196492
1052,0.100000,D_logit regression,T1 non deductible,agents entretien (v3),1903,1573,0.179191,0.160361,0.197526,0.216783,0.194955,0.238279,0.196203,0.038846,0.049497,0.176945,0.138099
1052,0.100000,D_logit regression,T2 intermediaire,agents entretien (v3),1903,1894,0.266947,0.245495,0.288021,0.268215,0.246991,0.289586,0.267580,0.075884,0.064260,0.266050,0.190165
1052,0.100000,D_logit regression,T3 deductible,agents entretien (v3),1903,2341,0.439832,0.412431,0.468447,0.357540,0.332222,0.383063,0.394439,0.166992,0.073029,0.431515,0.264523
1052,0.100000,D_logit regression,ensemble,agents entretien (v3),5709,5808,0.295323,0.279215,0.311183,0.290289,0.275146,0.305643,0.292785,0.092714,0.062262,0.289206,0.196492
1052,0.100000,D_seg segment,T1 non deductible,agents enquete,1866,1936,0.167738,0.146963,0.188710,0.161674,0.142076,0.180797,0.164650,0.000000,0.051687,0.167738,0.167738
1052,0.100000,D_seg segment,T2 intermediaire,agents enquete,1562,1409,0.214469,0.190250,0.239223,0.237757,0.212305,0.262769,0.225513,0.065695,0.062409,0.214469,0.148774
1052,0.100000,D_seg segment,T3 deductible,agents enquete,1686,1594,0.283511,0.252720,0.314421,0.299875,0.271310,0.328778,0.291463,0.220358,0.073437,0.283511,0.063153
1052,0.100000,D_seg segment,ensemble,agents enquete,5709,5640,0.230513,0.214220,0.247207,0.233333,0.218314,0.248274,0.231915,0.092714,0.062262,0.220180,0.127466
1052,0.100000,D_logit regression,T1 non deductible,agents enquete,1903,2107,0.140305,0.122834,0.157839,0.126720,0.111110,0.142512,0.133167,0.038846,0.049497,0.140634,0.101788
1052,0.100000,D_logit regression,T2 intermediaire,agents enquete,1903,1725,0.229637,0.208493,0.252655,0.253333,0.231690,0.277168,0.240904,0.075884,0.064260,0.222672,0.146788
1052,0.100000,D_logit regression,T3 deductible,agents enquete,1903,1808,0.321597,0.291451,0.352022,0.338496,0.311098,0.367020,0.329830,0.166992,0.073029,0.301212,0.134220
1052,0.100000,D_logit regression,ensemble,agents enquete,5709,5640,0.230513,0.214220,0.247207,0.233333,0.218314,0.248274,0.231915,0.092714,0.062262,0.220180,0.127466
1052,0.100000,D_seg segment,T1 non deductible,agents demographiques (v6),1866,930,0.187031,0.167759,0.206483,0.375269,0.343072,0.407568,0.249642,0.000000,0.051687,0.187031,0.187031
1052,0.100000,D_seg segment,T2 intermediaire,agents demographiques (v6),1562,709,0.167734,0.147894,0.188541,0.369535,0.332863,0.405080,0.230735,0.065695,0.062409,0.167734,0.102039
1052,0.100000,D_seg segment,T3 deductible,agents demographiques (v6),1686,714,0.138790,0.120669,0.157510,0.327731,0.291327,0.365124,0.195000,0.220358,0.073437,0.138790,-0.081568
1052,0.100000,D_seg segment,ensemble,agents demographiques (v6),5709,2581,0.162375,0.152100,0.173048,0.359163,0.340229,0.377911,0.223643,0.092714,0.062262,0.165233,0.072519
1052,0.100000,D_logit regression,T1 non deductible,agents demographiques (v6),1903,934,0.179716,0.161455,0.197957,0.366167,0.335057,0.399186,0.241100,0.038846,0.049497,0.180980,0.142134
1052,0.100000,D_logit regression,T2 intermediaire,agents demographiques (v6),1903,875,0.154493,0.138219,0.171518,0.336000,0.304650,0.368421,0.211663,0.075884,0.064260,0.155003,0.079119
1052,0.100000,D_logit regression,T3 deductible,agents demographiques (v6),1903,772,0.152916,0.135038,0.170783,0.376943,0.342308,0.412551,0.217570,0.166992,0.073029,0.159394,-0.007598
1052,0.100000,D_logit regression,ensemble,agents demographiques (v6),5709,2581,0.162375,0.152100,0.173048,0.359163,0.340229,0.377911,0.223643,0.092714,0.062262,0.165233,0.072519
1052,0.100000,D_seg segment,T1 non deductible,agents v7,1866,1061,0.041265,0.032019,0.050801,0.072573,0.056751,0.089100,0.052614,0.000000,0.051687,0.041265,0.041265
1052,0.100000,D_seg segment,T2 intermediaire,agents v7,1562,772,0.056978,0.044884,0.069420,0.115285,0.091405,0.139176,0.076264,0.065695,0.062409,0.056978,-0.008717
1052,0.100000,D_seg segment,T3 deductible,agents v7,1686,795,0.098458,0.079619,0.119623,0.208805,0.174839,0.244604,0.133817,0.220358,0.073437,0.098458,-0.121900
1052,0.100000,D_seg segment,ensemble,agents v7,5709,2939,0.067262,0.058009,0.076677,0.130657,0.114399,0.146505,0.088807,0.092714,0.062262,0.064920,-0.027794
1052,0.100000,D_logit regression,T1 non deductible,agents v7,1903,1276,0.043090,0.033401,0.053015,0.064263,0.050346,0.078635,0.051589,0.038846,0.049497,0.043804,0.004958
1052,0.100000,D_logit regression,T2 intermediaire,agents v7,1903,888,0.058329,0.047008,0.070234,0.125000,0.102299,0.147992,0.079541,0.075884,0.064260,0.052632,-0.023253
1052,0.100000,D_logit regression,T3 deductible,agents v7,1903,775,0.100368,0.081136,0.121853,0.246452,0.205546,0.287123,0.142644,0.166992,0.073029,0.100000,-0.066992
1052,0.100000,D_logit regression,ensemble,agents v7,5709,2939,0.067262,0.058009,0.076677,0.130657,0.114399,0.146505,0.088807,0.092714,0.062262,0.064920,-0.027794
1052,0.100000,D_seg segment,T1 non deductible,agents v8,1866,1240,0.062165,0.049532,0.075120,0.093548,0.075636,0.111201,0.074694,0.000000,0.051687,0.062165,0.062165
1052,0.100000,D_seg segment,T2 intermediaire,agents v8,1562,1348,0.087068,0.070595,0.103538,0.100890,0.082394,0.119584,0.093471,0.065695,0.062409,0.087068,0.021373
1052,0.100000,D_seg segment,T3 deductible,agents v8,1686,2948,0.312574,0.279976,0.345563,0.178765,0.158746,0.199596,0.227449,0.220358,0.073437,0.312574,0.092216
1052,0.100000,D_seg segment,ensemble,agents v8,5709,6609,0.171659,0.155230,0.188575,0.148283,0.135493,0.161915,0.159117,0.092714,0.062262,0.152327,0.059613
1052,0.100000,D_logit regression,T1 non deductible,agents v8,1903,1309,0.052023,0.041144,0.063596,0.075630,0.060650,0.091175,0.061644,0.038846,0.049497,0.044380,0.005535
1052,0.100000,D_logit regression,T2 intermediaire,agents v8,1903,2082,0.124015,0.106634,0.142783,0.113353,0.098127,0.129736,0.118444,0.075884,0.064260,0.109312,0.033427
1052,0.100000,D_logit regression,T3 deductible,agents v8,1903,3218,0.338939,0.307168,0.370223,0.200435,0.180279,0.221072,0.251904,0.166992,0.073029,0.310909,0.143917
1052,0.100000,D_logit regression,ensemble,agents v8,5709,6609,0.171659,0.155230,0.188575,0.148283,0.135493,0.161915,0.159117,0.092714,0.062262,0.152327,0.059613
1052,0.100000,D_seg segment,T1 non deductible,B0 mode,1866,0,0.000000,0.000000,0.000000,,,,0.000000,0.000000,0.051687,0.000000,0.000000
1052,0.100000,D_seg segment,T2 intermediaire,B0 mode,1562,0,0.000000,0.000000,0.000000,,,,0.000000,0.065695,0.062409,0.000000,-0.065695
1052,0.100000,D_seg segment,T3 deductible,B0 mode,1686,0,0.000000,0.000000,0.000000,,,,0.000000,0.220358,0.073437,0.000000,-0.220358
1052,0.100000,D_seg segment,ensemble,B0 mode,5709,0,0.000000,0.000000,0.000000,,,,0.000000,0.092714,0.062262,0.000000,-0.092714
1052,0.100000,D_logit regression,T1 non deductible,B0 mode,1903,0,0.000000,0.000000,0.000000,,,,0.000000,0.038846,0.049497,0.000000,-0.038846
1052,0.100000,D_logit regression,T2 intermediaire,B0 mode,1903,0,0.000000,0.000000,0.000000,,,,0.000000,0.075884,0.064260,0.000000,-0.075884
1052,0.100000,D_logit regression,T3 deductible,B0 mode,1903,0,0.000000,0.000000,0.000000,,,,0.000000,0.166992,0.073029,0.000000,-0.166992
1052,0.100000,D_logit regression,ensemble,B0 mode,5709,0,0.000000,0.000000,0.000000,,,,0.000000,0.092714,0.062262,0.000000,-0.092714
1052,0.100000,D_seg segment,T1 non deductible,B0 tirage,1866,2344,0.047160,0.038034,0.057048,0.037543,0.029896,0.045835,0.041805,0.000000,0.051687,0.047160,0.047160
1052,0.100000,D_seg segment,T2 intermediaire,B0 tirage,1562,1670,0.056338,0.044900,0.068006,0.052695,0.041912,0.064034,0.054455,0.065695,0.062409,0.056338,-0.009357
1052,0.100000,D_seg segment,T3 deductible,B0 tirage,1686,1132,0.081257,0.067767,0.094410,0.121025,0.101054,0.140906,0.097232,0.220358,0.073437,0.081257,-0.139100
1052,0.100000,D_seg segment,ensemble,B0 tirage,5709,5699,0.061657,0.055565,0.067826,0.061765,0.055408,0.068434,0.061711,0.092714,0.062262,0.061205,-0.031509
1052,0.100000,D_logit regression,T1 non deductible,B0 tirage,1903,2887,0.047294,0.037938,0.057289,0.031174,0.024922,0.038002,0.037578,0.038846,0.049497,0.046686,0.007840
1052,0.100000,D_logit regression,T2 intermediaire,B0 tirage,1903,1765,0.069890,0.058677,0.081443,0.075354,0.063067,0.088024,0.072519,0.075884,0.064260,0.069983,-0.005902
1052,0.100000,D_logit regression,T3 deductible,B0 tirage,1903,1047,0.067788,0.056604,0.079572,0.123209,0.102856,0.144362,0.087458,0.166992,0.073029,0.067273,-0.099720
1052,0.100000,D_logit regression,ensemble,B0 tirage,5709,5699,0.061657,0.055565,0.067826,0.061765,0.055408,0.068434,0.061711,0.092714,0.062262,0.061205,-0.031509
1052,0.100000,D_seg segment,T1 non deductible,B1 argmax,1866,205,0.014469,0.009169,0.020471,0.131707,0.085427,0.184211,0.026074,0.000000,0.051687,0.014469,0.014469
1052,0.100000,D_seg segment,T2 intermediaire,B1 argmax,1562,253,0.022407,0.015188,0.030144,0.138340,0.097775,0.183335,0.038567,0.065695,0.062409,0.022407,-0.043288
1052,0.100000,D_seg segment,T3 deductible,B1 argmax,1686,816,0.123369,0.106272,0.139967,0.254902,0.224136,0.286380,0.166267,0.220358,0.073437,0.123369,-0.096989
1052,0.100000,D_seg segment,ensemble,B1 argmax,5709,1496,0.057979,0.050901,0.065240,0.221257,0.198397,0.245149,0.091881,0.092714,0.062262,0.052796,-0.039918
1052,0.100000,D_logit regression,T1 non deductible,B1 argmax,1903,0,0.000000,0.000000,0.000000,,,,0.000000,0.038846,0.049497,0.000000,-0.038846
1052,0.100000,D_logit regression,T2 intermediaire,B1 argmax,1903,0,0.000000,0.000000,0.000000,,,,0.000000,0.075884,0.064260,0.000000,-0.075884
1052,0.100000,D_logit regression,T3 deductible,B1 argmax,1903,1496,0.173936,0.155146,0.192608,0.221257,0.198397,0.245149,0.194763,0.166992,0.073029,0.163636,-0.003356
1052,0.100000,D_logit regression,ensemble,B1 argmax,5709,1496,0.057979,0.050901,0.065240,0.221257,0.198397,0.245149,0.091881,0.092714,0.062262,0.052796,-0.039918
1052,0.100000,D_seg segment,T1 non deductible,B2 argmax,1866,53,0.011790,0.006874,0.016950,0.415094,0.288889,0.537037,0.022929,0.000000,0.051687,0.011790,0.011790
1052,0.100000,D_seg segment,T2 intermediaire,B2 argmax,1562,79,0.024968,0.016624,0.033997,0.493671,0.371429,0.613653,0.047532,0.065695,0.062409,0.024968,-0.040727
1052,0.100000,D_seg segment,T3 deductible,B2 argmax,1686,230,0.068802,0.052174,0.087209,0.504348,0.425737,0.578729,0.121086,0.220358,0.073437,0.068802,-0.151556
1052,0.100000,D_seg segment,ensemble,B2 argmax,5709,417,0.035733,0.029118,0.042978,0.489209,0.433671,0.543767,0.066601,0.092714,0.062262,0.034611,-0.058103
1052,0.100000,D_logit regression,T1 non deductible,B2 argmax,1903,37,0.008408,0.004620,0.012854,0.432432,0.272727,0.594611,0.016495,0.038846,0.049497,0.008646,-0.030200
1052,0.100000,D_logit regression,T2 intermediaire,B2 argmax,1903,95,0.021019,0.014322,0.027936,0.421053,0.317647,0.522944,0.040040,0.075884,0.064260,0.020243,-0.055641
1052,0.100000,D_logit regression,T3 deductible,B2 argmax,1903,285,0.077772,0.061111,0.095756,0.519298,0.447760,0.584462,0.135283,0.166992,0.073029,0.076970,-0.090023
1052,0.100000,D_logit regression,ensemble,B2 argmax,5709,417,0.035733,0.029118,0.042978,0.489209,0.433671,0.543767,0.066601,0.092714,0.062262,0.034611,-0.058103
1052,0.100000,D_seg segment,T1 non deductible,B3 foret,1866,14,0.002144,0.000514,0.004447,0.285714,0.066667,0.555556,0.004255,0.000000,0.051687,0.002144,0.002144
1052,0.100000,D_seg segment,T2 intermediaire,B3 foret,1562,29,0.002561,0.000608,0.005305,0.137931,0.031250,0.264755,0.005028,0.065695,0.062409,0.002561,-0.063134
1052,0.100000,D_seg segment,T3 deductible,B3 foret,1686,123,0.037367,0.028736,0.046700,0.512195,0.426357,0.603452,0.069652,0.220358,0.073437,0.037367,-0.182991
1052,0.100000,D_seg segment,ensemble,B3 foret,5709,207,0.014363,0.011347,0.017547,0.396135,0.330095,0.463640,0.027721,0.092714,0.062262,0.013883,-0.078830
1052,0.100000,D_logit regression,T1 non deductible,B3 foret,1903,0,0.000000,0.000000,0.000000,,,,0.000000,0.038846,0.049497,0.000000,-0.038846
1052,0.100000,D_logit regression,T2 intermediaire,B3 foret,1903,5,0.001051,0.000000,0.002698,0.400000,0.000000,1.000000,0.002096,0.075884,0.064260,0.000578,-0.075306
1052,0.100000,D_logit regression,T3 deductible,B3 foret,1903,202,0.042039,0.033263,0.051296,0.396040,0.329003,0.466347,0.076010,0.166992,0.073029,0.042424,-0.124568
1052,0.100000,D_logit regression,ensemble,B3 foret,5709,207,0.014363,0.011347,0.017547,0.396135,0.330095,0.463640,0.027721,0.092714,0.062262,0.013883,-0.078830
1052,0.100000,D_seg segment,T1 non deductible,humains vague 2,1866,1958,0.486066,0.460697,0.512313,0.463228,0.434065,0.492192,0.474372,0.000000,0.051687,0.486066,0.486066
1052,0.100000,D_seg segment,T2 intermediaire,humains vague 2,1562,1580,0.535851,0.507594,0.562427,0.529747,0.501301,0.557800,0.532782,0.065695,0.062409,0.535851,0.470157
1052,0.100000,D_seg segment,T3 deductible,humains vague 2,1686,1717,0.613286,0.585319,0.640383,0.602213,0.573051,0.629121,0.607699,0.220358,0.073437,0.613286,0.392928
1052,0.100000,D_seg segment,ensemble,humains vague 2,5709,5899,0.548257,0.531037,0.564430,0.530598,0.511673,0.548636,0.539283,0.092714,0.062262,0.543215,0.450501
1052,0.100000,D_logit regression,T1 non deductible,humains vague 2,1903,2038,0.464004,0.438067,0.489992,0.433268,0.404896,0.460952,0.448110,0.038846,0.049497,0.459942,0.421097
1052,0.100000,D_logit regression,T2 intermediaire,humains vague 2,1903,1872,0.529164,0.503723,0.554972,0.537927,0.512037,0.563676,0.533510,0.075884,0.064260,0.527473,0.451588
1052,0.100000,D_logit regression,T3 deductible,humains vague 2,1903,1989,0.651603,0.626177,0.676628,0.623429,0.599073,0.647177,0.637205,0.166992,0.073029,0.647273,0.480280
1052,0.100000,D_logit regression,ensemble,humains vague 2,5709,5899,0.548257,0.531037,0.564430,0.530598,0.511673,0.548636,0.539283,0.092714,0.062262,0.543215,0.450501
1052,0.200000,D_seg segment,T1 non deductible,agents composite,5518,4540,0.278905,0.264749,0.293181,0.338987,0.323974,0.353929,0.306025,0.025439,0.096124,0.278905,0.253466
1052,0.200000,D_seg segment,T2 intermediaire,agents composite,5939,5253,0.341640,0.327347,0.355613,0.386255,0.372590,0.400159,0.362580,0.142424,0.132788,0.341640,0.199216
1052,0.200000,D_seg segment,T3 deductible,agents composite,5080,4500,0.438386,0.420085,0.456761,0.494889,0.478421,0.511762,0.464927,0.334445,0.152986,0.438386,0.103940
1052,0.200000,D_seg segment,ensemble,agents composite,18411,16048,0.355440,0.344888,0.365997,0.407777,0.398678,0.416834,0.379814,0.162376,0.126562,0.350426,0.188050
1052,0.200000,D_logit regression,T1 non deductible,agents composite,6137,5069,0.253707,0.240839,0.266721,0.307161,0.293119,0.321202,0.277887,0.081391,0.095269,0.253985,0.172594
1052,0.200000,D_logit regression,T2 intermediaire,agents composite,6137,5343,0.343979,0.329984,0.358495,0.395096,0.381340,0.409221,0.367770,0.159325,0.136034,0.342852,0.183527
1052,0.200000,D_logit regression,T3 deductible,agents composite,6137,5636,0.468633,0.452540,0.485131,0.510291,0.494924,0.525794,0.488576,0.250066,0.148384,0.458980,0.208913
1052,0.200000,D_logit regression,ensemble,agents composite,18411,16048,0.355440,0.344888,0.365997,0.407777,0.398678,0.416834,0.379814,0.162376,0.126562,0.350426,0.188050
1052,0.200000,D_seg segment,T1 non deductible,agents entretien (v3),5518,4874,0.254078,0.240628,0.267549,0.287649,0.273467,0.301436,0.269823,0.025439,0.096124,0.254078,0.228639
1052,0.200000,D_seg segment,T2 intermediaire,agents entretien (v3),5939,5880,0.336252,0.321852,0.350741,0.339626,0.326696,0.353316,0.337930,0.142424,0.132788,0.336252,0.193828
1052,0.200000,D_seg segment,T3 deductible,agents entretien (v3),5080,5203,0.457283,0.438767,0.475413,0.446473,0.430561,0.462488,0.451814,0.334445,0.152986,0.457283,0.122838
1052,0.200000,D_seg segment,ensemble,agents entretien (v3),18411,17915,0.353213,0.342352,0.363946,0.362992,0.353607,0.372111,0.358036,0.162376,0.126562,0.346012,0.183636
1052,0.200000,D_logit regression,T1 non deductible,agents entretien (v3),6137,5443,0.233339,0.220948,0.245498,0.263090,0.250777,0.275840,0.247323,0.081391,0.095269,0.232850,0.151458
1052,0.200000,D_logit regression,T2 intermediaire,agents entretien (v3),6137,5929,0.337298,0.322762,0.352223,0.349131,0.335884,0.363212,0.343113,0.159325,0.136034,0.335535,0.176209
1052,0.200000,D_logit regression,T3 deductible,agents entretien (v3),6137,6543,0.489001,0.472458,0.505137,0.458658,0.444050,0.473606,0.473344,0.250066,0.148384,0.475051,0.224985
1052,0.200000,D_logit regression,ensemble,agents entretien (v3),18411,17915,0.353213,0.342352,0.363946,0.362992,0.353607,0.372111,0.358036,0.162376,0.126562,0.346012,0.183636
1052,0.200000,D_seg segment,T1 non deductible,agents enquete,5518,5149,0.214752,0.201072,0.228719,0.230142,0.216297,0.243437,0.222181,0.025439,0.096124,0.214752,0.189313
1052,0.200000,D_seg segment,T2 intermediaire,agents enquete,5939,5605,0.272436,0.258344,0.286307,0.288671,0.275125,0.302016,0.280319,0.142424,0.132788,0.272436,0.130012
1052,0.200000,D_seg segment,T3 deductible,agents enquete,5080,4446,0.337402,0.320289,0.354920,0.385515,0.368591,0.403225,0.359857,0.334445,0.152986,0.337402,0.002956
1052,0.200000,D_seg segment,ensemble,agents enquete,18411,17085,0.280484,0.269962,0.291069,0.302253,0.292831,0.311664,0.290962,0.162376,0.126562,0.273145,0.110769
1052,0.200000,D_logit regression,T1 non deductible,agents enquete,6137,6011,0.200587,0.188403,0.212844,0.204791,0.193036,0.217183,0.202667,0.081391,0.095269,0.198280,0.116889
1052,0.200000,D_logit regression,T2 intermediaire,agents enquete,6137,5690,0.283037,0.269133,0.296975,0.305272,0.291629,0.318895,0.293735,0.159325,0.136034,0.279850,0.120525
1052,0.200000,D_logit regression,T3 deductible,agents enquete,6137,5384,0.357830,0.340973,0.375020,0.407875,0.391082,0.424937,0.381217,0.250066,0.148384,0.344235,0.094169
1052,0.200000,D_logit regression,ensemble,agents enquete,18411,17085,0.280484,0.269962,0.291069,0.302253,0.292831,0.311664,0.290962,0.162376,0.126562,0.273145,0.110769
1052,0.200000,D_seg segment,T1 non deductible,agents demographiques (v6),5518,3398,0.179957,0.169095,0.190724,0.292231,0.276220,0.307738,0.222746,0.025439,0.096124,0.179957,0.154518
1052,0.200000,D_seg segment,T2 intermediaire,agents demographiques (v6),5939,4117,0.185385,0.175034,0.195664,0.267428,0.253777,0.281430,0.218974,0.142424,0.132788,0.185385,0.042960
1052,0.200000,D_seg segment,T3 deductible,agents demographiques (v6),5080,2798,0.198031,0.185666,0.210068,0.359543,0.340848,0.377842,0.255395,0.334445,0.152986,0.198031,-0.136414
1052,0.200000,D_seg segment,ensemble,agents demographiques (v6),18411,11371,0.186519,0.179948,0.193243,0.301996,0.293324,0.310998,0.230609,0.162376,0.126562,0.187458,0.025082
1052,0.200000,D_logit regression,T1 non deductible,agents demographiques (v6),6137,4089,0.167997,0.158387,0.177734,0.252140,0.238292,0.266634,0.201643,0.081391,0.095269,0.166756,0.085365
1052,0.200000,D_logit regression,T2 intermediaire,agents demographiques (v6),6137,3993,0.181522,0.171256,0.192015,0.278988,0.265010,0.293928,0.219941,0.159325,0.136034,0.183652,0.024326
1052,0.200000,D_logit regression,T3 deductible,agents demographiques (v6),6137,3289,0.210037,0.198956,0.221627,0.391912,0.374881,0.408895,0.273499,0.250066,0.148384,0.213044,-0.037022
1052,0.200000,D_logit regression,ensemble,agents demographiques (v6),18411,11371,0.186519,0.179948,0.193243,0.301996,0.293324,0.310998,0.230609,0.162376,0.126562,0.187458,0.025082
1052,0.200000,D_seg segment,T1 non deductible,agents v7,5518,3623,0.089888,0.081108,0.098444,0.136903,0.124356,0.149933,0.108522,0.025439,0.096124,0.089888,0.064449
1052,0.200000,D_seg segment,T2 intermediaire,agents v7,5939,4131,0.127631,0.118243,0.137498,0.183491,0.170504,0.196216,0.150546,0.142424,0.132788,0.127631,-0.014793
1052,0.200000,D_seg segment,T3 deductible,agents v7,5080,2932,0.180118,0.167412,0.193679,0.312074,0.293919,0.330973,0.228407,0.334445,0.152986,0.180118,-0.154327
1052,0.200000,D_seg segment,ensemble,agents v7,18411,11817,0.133127,0.126171,0.139989,0.207413,0.197547,0.216976,0.162168,0.162376,0.126562,0.131160,-0.031216
1052,0.200000,D_logit regression,T1 non deductible,agents v7,6137,4457,0.083265,0.075188,0.091147,0.114651,0.104100,0.125505,0.096470,0.081391,0.095269,0.081318,-0.000073
1052,0.200000,D_logit regression,T2 intermediaire,agents v7,6137,4004,0.134431,0.125161,0.144099,0.206044,0.192561,0.219686,0.162706,0.159325,0.136034,0.134035,-0.025290
1052,0.200000,D_logit regression,T3 deductible,agents v7,6137,3356,0.181685,0.167917,0.195315,0.332241,0.312204,0.352287,0.234910,0.250066,0.148384,0.180153,-0.069913
1052,0.200000,D_logit regression,ensemble,agents v7,18411,11817,0.133127,0.126171,0.139989,0.207413,0.197547,0.216976,0.162168,0.162376,0.126562,0.131160,-0.031216
1052,0.200000,D_seg segment,T1 non deductible,agents v8,5518,4132,0.092968,0.084116,0.102095,0.124153,0.113148,0.135001,0.106321,0.025439,0.096124,0.092968,0.067530
1052,0.200000,D_seg segment,T2 intermediaire,agents v8,5939,6716,0.181175,0.168434,0.194912,0.160214,0.149595,0.171148,0.170051,0.142424,0.132788,0.181175,0.038751
1052,0.200000,D_seg segment,T3 deductible,agents v8,5080,6843,0.360827,0.340171,0.381143,0.267865,0.254248,0.281955,0.307473,0.334445,0.152986,0.360827,0.026381
1052,0.200000,D_seg segment,ensemble,agents v8,18411,20364,0.223073,0.210901,0.235005,0.201679,0.193033,0.210689,0.211838,0.162376,0.126562,0.206930,0.044554
1052,0.200000,D_logit regression,T1 non deductible,agents v8,6137,5597,0.094183,0.085516,0.103309,0.103270,0.094465,0.112249,0.098517,0.081391,0.095269,0.087050,0.005659
1052,0.200000,D_logit regression,T2 intermediaire,agents v8,6137,6909,0.197328,0.184520,0.210690,0.175279,0.164891,0.185972,0.185651,0.159325,0.136034,0.189898,0.030573
1052,0.200000,D_logit regression,T3 deductible,agents v8,6137,7858,0.377709,0.357998,0.397159,0.294986,0.281136,0.309495,0.331261,0.250066,0.148384,0.349841,0.099775
1052,0.200000,D_logit regression,ensemble,agents v8,18411,20364,0.223073,0.210901,0.235005,0.201679,0.193033,0.210689,0.211838,0.162376,0.126562,0.206930,0.044554
1052,0.200000,D_seg segment,T1 non deductible,B0 mode,5518,0,0.000000,0.000000,0.000000,,,,0.000000,0.025439,0.096124,0.000000,-0.025439
1052,0.200000,D_seg segment,T2 intermediaire,B0 mode,5939,0,0.000000,0.000000,0.000000,,,,0.000000,0.142424,0.132788,0.000000,-0.142424
1052,0.200000,D_seg segment,T3 deductible,B0 mode,5080,0,0.000000,0.000000,0.000000,,,,0.000000,0.334445,0.152986,0.000000,-0.334445
1052,0.200000,D_seg segment,ensemble,B0 mode,18411,0,0.000000,0.000000,0.000000,,,,0.000000,0.162376,0.126562,0.000000,-0.162376
1052,0.200000,D_logit regression,T1 non deductible,B0 mode,6137,0,0.000000,0.000000,0.000000,,,,0.000000,0.081391,0.095269,0.000000,-0.081391
1052,0.200000,D_logit regression,T2 intermediaire,B0 mode,6137,0,0.000000,0.000000,0.000000,,,,0.000000,0.159325,0.136034,0.000000,-0.159325
1052,0.200000,D_logit regression,T3 deductible,B0 mode,6137,0,0.000000,0.000000,0.000000,,,,0.000000,0.250066,0.148384,0.000000,-0.250066
1052,0.200000,D_logit regression,ensemble,B0 mode,18411,0,0.000000,0.000000,0.000000,,,,0.000000,0.162376,0.126562,0.000000,-0.162376
1052,0.200000,D_seg segment,T1 non deductible,B0 tirage,5518,7162,0.088619,0.080993,0.096342,0.068277,0.061871,0.074808,0.077129,0.025439,0.096124,0.088619,0.063180
1052,0.200000,D_seg segment,T2 intermediaire,B0 tirage,5939,5985,0.135376,0.126469,0.144257,0.134336,0.125147,0.143498,0.134854,0.142424,0.132788,0.135376,-0.007048
1052,0.200000,D_seg segment,T3 deductible,B0 tirage,5080,3648,0.154134,0.144457,0.163661,0.214638,0.200663,0.228751,0.179423,0.334445,0.152986,0.154134,-0.180312
1052,0.200000,D_seg segment,ensemble,B0 tirage,18411,18498,0.125251,0.120543,0.130099,0.124662,0.119686,0.130070,0.124956,0.162376,0.126562,0.125537,-0.036839
1052,0.200000,D_logit regression,T1 non deductible,B0 tirage,6137,9129,0.093368,0.086364,0.100414,0.062767,0.057628,0.068110,0.075069,0.081391,0.095269,0.092961,0.011569
1052,0.200000,D_logit regression,T2 intermediaire,B0 tirage,6137,5687,0.134431,0.126096,0.142858,0.145068,0.135509,0.154977,0.139547,0.159325,0.136034,0.135642,-0.023684
1052,0.200000,D_logit regression,T3 deductible,B0 tirage,6137,3682,0.147955,0.139195,0.156529,0.246605,0.232719,0.260631,0.184948,0.250066,0.148384,0.148944,-0.101122
1052,0.200000,D_logit regression,ensemble,B0 tirage,18411,18498,0.125251,0.120543,0.130099,0.124662,0.119686,0.130070,0.124956,0.162376,0.126562,0.125537,-0.036839
1052,0.200000,D_seg segment,T1 non deductible,B1 argmax,5518,947,0.031714,0.026721,0.036809,0.184794,0.159751,0.210707,0.054138,0.025439,0.096124,0.031714,0.006275
1052,0.200000,D_seg segment,T2 intermediaire,B1 argmax,5939,2242,0.096649,0.088477,0.104560,0.256021,0.237406,0.274276,0.140325,0.142424,0.132788,0.096649,-0.045775
1052,0.200000,D_seg segment,T3 deductible,B1 argmax,5080,3787,0.248031,0.234215,0.262260,0.332717,0.316078,0.349564,0.284200,0.334445,0.152986,0.248031,-0.086414
1052,0.200000,D_seg segment,ensemble,B1 argmax,18411,7960,0.129868,0.123021,0.136421,0.300377,0.287877,0.312603,0.181336,0.162376,0.126562,0.121485,-0.040891
1052,0.200000,D_logit regression,T1 non deductible,B1 argmax,6137,0,0.000000,0.000000,0.000000,,,,0.000000,0.081391,0.095269,0.000000,-0.081391
1052,0.200000,D_logit regression,T2 intermediaire,B1 argmax,6137,24,0.000652,0.000159,0.001318,0.166667,0.034454,0.333333,0.001298,0.159325,0.136034,0.000714,-0.158612
1052,0.200000,D_logit regression,T3 deductible,B1 argmax,6137,7936,0.388952,0.375559,0.402284,0.300781,0.288327,0.312922,0.339231,0.250066,0.148384,0.374696,0.124630
1052,0.200000,D_logit regression,ensemble,B1 argmax,18411,7960,0.129868,0.123021,0.136421,0.300377,0.287877,0.312603,0.181336,0.162376,0.126562,0.121485,-0.040891
1052,0.200000,D_seg segment,T1 non deductible,B2 argmax,5518,542,0.039507,0.033715,0.045160,0.402214,0.360225,0.442382,0.071947,0.025439,0.096124,0.039507,0.014068
1052,0.200000,D_seg segment,T2 intermediaire,B2 argmax,5939,1046,0.075265,0.067265,0.083208,0.427342,0.396134,0.458867,0.127989,0.142424,0.132788,0.075265,-0.067159
1052,0.200000,D_seg segment,T3 deductible,B2 argmax,5080,1577,0.157480,0.144686,0.171639,0.507292,0.479749,0.534242,0.240349,0.334445,0.152986,0.157480,-0.176965
1052,0.200000,D_seg segment,ensemble,B2 argmax,18411,3627,0.094020,0.087864,0.100443,0.477254,0.458519,0.497053,0.157092,0.162376,0.126562,0.088589,-0.073787
1052,0.200000,D_logit regression,T1 non deductible,B2 argmax,6137,582,0.031449,0.026675,0.036529,0.331615,0.292388,0.372550,0.057449,0.081391,0.095269,0.032241,-0.049151
1052,0.200000,D_logit regression,T2 intermediaire,B2 argmax,6137,1117,0.076748,0.069392,0.084716,0.421665,0.392028,0.451891,0.129859,0.159325,0.136034,0.077280,-0.082045
1052,0.200000,D_logit regression,T3 deductible,B2 argmax,6137,1928,0.173863,0.160908,0.187828,0.553423,0.527983,0.578326,0.264600,0.250066,0.148384,0.159223,-0.090844
1052,0.200000,D_logit regression,ensemble,B2 argmax,18411,3627,0.094020,0.087864,0.100443,0.477254,0.458519,0.497053,0.157092,0.162376,0.126562,0.088589,-0.073787
1052,0.200000,D_seg segment,T1 non deductible,B3 foret,5518,120,0.005799,0.003733,0.008221,0.266667,0.186916,0.347459,0.011352,0.025439,0.096124,0.005799,-0.019640
1052,0.200000,D_seg segment,T2 intermediaire,B3 foret,5939,419,0.024247,0.020085,0.028519,0.343675,0.298468,0.390128,0.045297,0.142424,0.132788,0.024247,-0.118178
1052,0.200000,D_seg segment,T3 deductible,B3 foret,5080,1403,0.109843,0.100352,0.119308,0.397719,0.372915,0.423156,0.172143,0.334445,0.152986,0.109843,-0.224603
1052,0.200000,D_seg segment,ensemble,B3 foret,18411,2306,0.049481,0.045618,0.053416,0.395056,0.373488,0.416306,0.087947,0.162376,0.126562,0.044385,-0.117991
1052,0.200000,D_logit regression,T1 non deductible,B3 foret,6137,13,0.000489,0.000000,0.001132,0.230769,0.000000,0.500000,0.000976,0.081391,0.095269,0.000537,-0.080854
1052,0.200000,D_logit regression,T2 intermediaire,B3 foret,6137,203,0.006192,0.004338,0.008272,0.187192,0.135678,0.242574,0.011987,0.159325,0.136034,0.005533,-0.153793
1052,0.200000,D_logit regression,T3 deductible,B3 foret,6137,2090,0.141763,0.131954,0.151928,0.416268,0.393161,0.439013,0.211499,0.250066,0.148384,0.130817,-0.119250
1052,0.200000,D_logit regression,ensemble,B3 foret,18411,2306,0.049481,0.045618,0.053416,0.395056,0.373488,0.416306,0.087947,0.162376,0.126562,0.044385,-0.117991
1052,0.200000,D_seg segment,T1 non deductible,humains vague 2,5518,5622,0.531352,0.514522,0.548107,0.521523,0.501810,0.540831,0.526391,0.025439,0.096124,0.531352,0.505913
1052,0.200000,D_seg segment,T2 intermediaire,humains vague 2,5939,5949,0.599259,0.584211,0.614119,0.598252,0.582942,0.613150,0.598755,0.142424,0.132788,0.599259,0.456835
1052,0.200000,D_seg segment,T3 deductible,humains vague 2,5080,5062,0.681102,0.664002,0.696929,0.683524,0.667854,0.698737,0.682311,0.334445,0.152986,0.681102,0.346657
1052,0.200000,D_seg segment,ensemble,humains vague 2,18411,18518,0.605779,0.594936,0.616712,0.602279,0.590193,0.613955,0.604024,0.162376,0.126562,0.601742,0.439365
1052,0.200000,D_logit regression,T1 non deductible,humains vague 2,6137,6254,0.511325,0.495104,0.527793,0.501759,0.481753,0.520320,0.506497,0.081391,0.095269,0.512449,0.431057
1052,0.200000,D_logit regression,T2 intermediaire,humains vague 2,6137,6134,0.607626,0.592638,0.622911,0.607923,0.593295,0.622363,0.607774,0.159325,0.136034,0.603605,0.444280
1052,0.200000,D_logit regression,T3 deductible,humains vague 2,6137,6130,0.698387,0.683812,0.713378,0.699184,0.684727,0.712858,0.698785,0.250066,0.148384,0.692955,0.442888
1052,0.200000,D_logit regression,ensemble,humains vague 2,18411,18518,0.605779,0.594936,0.616712,0.602279,0.590193,0.613955,0.604024,0.162376,0.126562,0.601742,0.439365
150,0.100000,D_seg segment,T1 non deductible,agents composite,272,213,0.183824,0.132296,0.236434,0.234742,0.173263,0.296296,0.206186,0.000000,0.052426,0.183824,0.183824
150,0.100000,D_seg segment,T2 intermediaire,agents composite,168,164,0.279762,0.221518,0.340541,0.286585,0.224240,0.356065,0.283133,0.060854,0.064304,0.279762,0.218908
150,0.100000,D_seg segment,T3 deductible,agents composite,211,277,0.327014,0.234373,0.414294,0.249097,0.181818,0.311528,0.282787,0.202519,0.079338,0.327014,0.124495
150,0.100000,D_seg segment,ensemble,agents composite,747,744,0.254351,0.211196,0.299028,0.255376,0.215739,0.295545,0.254863,0.081344,0.064179,0.254992,0.173648
150,0.100000,D_logit regression,T1 non deductible,agents composite,249,202,0.168675,0.125510,0.212938,0.207921,0.156562,0.260669,0.186253,0.031699,0.046974,0.170507,0.138808
150,0.100000,D_logit regression,T2 intermediaire,agents composite,249,256,0.232932,0.179165,0.290185,0.226562,0.176245,0.280339,0.229703,0.064680,0.066301,0.227907,0.163227
150,0.100000,D_logit regression,T3 deductible,agents composite,249,286,0.361446,0.277778,0.440746,0.314685,0.240739,0.386833,0.336449,0.146896,0.079263,0.365297,0.218400
150,0.100000,D_logit regression,ensemble,agents composite,747,744,0.254351,0.211196,0.299028,0.255376,0.215739,0.295545,0.254863,0.081344,0.064179,0.254992,0.173648
150,0.100000,D_seg segment,T1 non deductible,agents entretien (v3),272,224,0.161765,0.114752,0.213116,0.196429,0.142257,0.254466,0.177419,0.000000,0.052426,0.161765,0.161765
150,0.100000,D_seg segment,T2 intermediaire,agents entretien (v3),168,201,0.273810,0.204816,0.343949,0.228856,0.173913,0.285733,0.249322,0.060854,0.064304,0.273810,0.212956
150,0.100000,D_seg segment,T3 deductible,agents entretien (v3),211,302,0.355450,0.261679,0.447774,0.248344,0.182123,0.313132,0.292398,0.202519,0.079338,0.355450,0.152931
150,0.100000,D_seg segment,ensemble,agents entretien (v3),747,819,0.255689,0.212164,0.300908,0.233211,0.196507,0.269789,0.243934,0.081344,0.064179,0.253456,0.172112
150,0.100000,D_logit regression,T1 non deductible,agents entretien (v3),249,215,0.156627,0.109242,0.208333,0.181395,0.126898,0.239585,0.168103,0.031699,0.046974,0.156682,0.124983
150,0.100000,D_logit regression,T2 intermediaire,agents entretien (v3),249,265,0.228916,0.176471,0.284004,0.215094,0.164657,0.265235,0.221790,0.064680,0.066301,0.227907,0.163227
150,0.100000,D_logit regression,T3 deductible,agents entretien (v3),249,339,0.381526,0.300469,0.458784,0.280236,0.215685,0.342705,0.323129,0.146896,0.079263,0.374429,0.227533
150,0.100000,D_logit regression,ensemble,agents entretien (v3),747,819,0.255689,0.212164,0.300908,0.233211,0.196507,0.269789,0.243934,0.081344,0.064179,0.253456,0.172112
150,0.100000,D_seg segment,T1 non deductible,agents enquete,272,279,0.136029,0.082706,0.191235,0.132616,0.083333,0.182119,0.134301,0.000000,0.052426,0.136029,0.136029
150,0.100000,D_seg segment,T2 intermediaire,agents enquete,168,162,0.178571,0.113769,0.243770,0.185185,0.118878,0.254343,0.181818,0.060854,0.064304,0.178571,0.117717
150,0.100000,D_seg segment,T3 deductible,agents enquete,211,260,0.274882,0.177141,0.365593,0.223077,0.146150,0.293516,0.246285,0.202519,0.079338,0.274882,0.072362
150,0.100000,D_seg segment,ensemble,agents enquete,747,798,0.191432,0.146666,0.235056,0.179198,0.140770,0.215936,0.185113,0.081344,0.064179,0.192012,0.110668
150,0.100000,D_logit regression,T1 non deductible,agents enquete,249,274,0.120482,0.078570,0.163570,0.109489,0.070535,0.149309,0.114723,0.031699,0.046974,0.124424,0.092725
150,0.100000,D_logit regression,T2 intermediaire,agents enquete,249,253,0.144578,0.102561,0.191592,0.142292,0.103448,0.180452,0.143426,0.064680,0.066301,0.134884,0.070204
150,0.100000,D_logit regression,T3 deductible,agents enquete,249,271,0.309237,0.222796,0.390161,0.284133,0.207481,0.355708,0.296154,0.146896,0.079263,0.315068,0.168172
150,0.100000,D_logit regression,ensemble,agents enquete,747,798,0.191432,0.146666,0.235056,0.179198,0.140770,0.215936,0.185113,0.081344,0.064179,0.192012,0.110668
150,0.100000,D_seg segment,T1 non deductible,agents demographiques (v6),272,129,0.180147,0.139912,0.226622,0.379845,0.305344,0.457148,0.244389,0.000000,0.052426,0.180147,0.180147
150,0.100000,D_seg segment,T2 intermediaire,agents demographiques (v6),168,89,0.142857,0.097217,0.191083,0.269663,0.191011,0.348837,0.186770,0.060854,0.064304,0.142857,0.082003
150,0.100000,D_seg segment,T3 deductible,agents demographiques (v6),211,117,0.094787,0.058559,0.135928,0.170940,0.109244,0.235306,0.121951,0.202519,0.079338,0.094787,-0.107733
150,0.100000,D_seg segment,ensemble,agents demographiques (v6),747,364,0.136546,0.115188,0.160463,0.280220,0.240997,0.322946,0.183618,0.081344,0.064179,0.142857,0.061513
150,0.100000,D_logit regression,T1 non deductible,agents demographiques (v6),249,117,0.160643,0.115381,0.210971,0.341880,0.257143,0.429754,0.218579,0.031699,0.046974,0.170507,0.138808
150,0.100000,D_logit regression,T2 intermediaire,agents demographiques (v6),249,138,0.128514,0.094419,0.163866,0.231884,0.174234,0.292310,0.165375,0.064680,0.066301,0.134884,0.070204
150,0.100000,D_logit regression,T3 deductible,agents demographiques (v6),249,109,0.120482,0.078430,0.169727,0.275229,0.193869,0.363656,0.167598,0.146896,0.079263,0.123288,-0.023609
150,0.100000,D_logit regression,ensemble,agents demographiques (v6),747,364,0.136546,0.115188,0.160463,0.280220,0.240997,0.322946,0.183618,0.081344,0.064179,0.142857,0.061513
150,0.100000,D_seg segment,T1 non deductible,agents v7,272,180,0.047794,0.024092,0.074733,0.072222,0.038669,0.107786,0.057522,0.000000,0.052426,0.047794,0.047794
150,0.100000,D_seg segment,T2 intermediaire,agents v7,168,81,0.029762,0.005405,0.064327,0.061728,0.011364,0.129884,0.040161,0.060854,0.064304,0.029762,-0.031092
150,0.100000,D_seg segment,T3 deductible,agents v7,211,150,0.080569,0.045455,0.121053,0.113333,0.064516,0.168750,0.094183,0.202519,0.079338,0.080569,-0.121951
150,0.100000,D_seg segment,ensemble,agents v7,747,459,0.058902,0.036931,0.084567,0.095861,0.064516,0.131216,0.072968,0.081344,0.064179,0.053763,-0.027581
150,0.100000,D_logit regression,T1 non deductible,agents v7,249,184,0.056225,0.027126,0.089796,0.076087,0.039772,0.114134,0.064665,0.031699,0.046974,0.050691,0.018993
150,0.100000,D_logit regression,T2 intermediaire,agents v7,249,145,0.052209,0.021006,0.089688,0.089655,0.040642,0.148148,0.065990,0.064680,0.066301,0.041860,-0.022819
150,0.100000,D_logit regression,T3 deductible,agents v7,249,130,0.068273,0.033330,0.107886,0.130769,0.071429,0.198278,0.089710,0.146896,0.079263,0.068493,-0.078403
150,0.100000,D_logit regression,ensemble,agents v7,747,459,0.058902,0.036931,0.084567,0.095861,0.064516,0.131216,0.072968,0.081344,0.064179,0.053763,-0.027581
150,0.100000,D_seg segment,T1 non deductible,agents v8,272,161,0.044118,0.016388,0.076923,0.074534,0.029407,0.121700,0.055427,0.000000,0.052426,0.044118,0.044118
150,0.100000,D_seg segment,T2 intermediaire,agents v8,168,160,0.077381,0.040816,0.115157,0.081250,0.041379,0.128209,0.079268,0.060854,0.064304,0.077381,0.016527
150,0.100000,D_seg segment,T3 deductible,agents v8,211,433,0.279621,0.192308,0.360733,0.136259,0.089482,0.187354,0.183230,0.202519,0.079338,0.279621,0.077101
150,0.100000,D_seg segment,ensemble,agents v8,747,895,0.141901,0.103896,0.178532,0.118436,0.087972,0.150105,0.129111,0.081344,0.064179,0.129032,0.047688
150,0.100000,D_logit regression,T1 non deductible,agents v8,249,167,0.052209,0.027556,0.080717,0.077844,0.042424,0.116669,0.062500,0.031699,0.046974,0.050691,0.018993
150,0.100000,D_logit regression,T2 intermediaire,agents v8,249,285,0.092369,0.055319,0.129714,0.080702,0.048147,0.115760,0.086142,0.064680,0.066301,0.074419,0.009739
150,0.100000,D_logit regression,T3 deductible,agents v8,249,443,0.281124,0.201056,0.355103,0.158014,0.112127,0.206719,0.202312,0.146896,0.079263,0.260274,0.113377
150,0.100000,D_logit regression,ensemble,agents v8,747,895,0.141901,0.103896,0.178532,0.118436,0.087972,0.150105,0.129111,0.081344,0.064179,0.129032,0.047688
150,0.100000,D_seg segment,T1 non deductible,C2,272,343,0.099265,0.066908,0.135850,0.078717,0.053512,0.106018,0.087805,0.000000,0.052426,0.099265,0.099265
150,0.100000,D_seg segment,T2 intermediaire,C2,168,159,0.089286,0.041419,0.141176,0.094340,0.041958,0.157921,0.091743,0.060854,0.064304,0.089286,0.028432
150,0.100000,D_seg segment,T3 deductible,C2,211,325,0.175355,0.112994,0.232558,0.113846,0.071856,0.158046,0.138060,0.202519,0.079338,0.175355,-0.027164
150,0.100000,D_seg segment,ensemble,C2,747,966,0.128514,0.098885,0.159664,0.099379,0.076503,0.123701,0.112084,0.081344,0.064179,0.121352,0.040008
150,0.100000,D_logit regression,T1 non deductible,C2,249,323,0.048193,0.023998,0.075189,0.037152,0.018324,0.058104,0.041958,0.031699,0.046974,0.050691,0.018993
150,0.100000,D_logit regression,T2 intermediaire,C2,249,286,0.104418,0.066963,0.144105,0.090909,0.057625,0.128920,0.097196,0.064680,0.066301,0.088372,0.023692
150,0.100000,D_logit regression,T3 deductible,C2,249,357,0.232932,0.172410,0.291513,0.162465,0.118154,0.208127,0.191419,0.146896,0.079263,0.223744,0.076848
150,0.100000,D_logit regression,ensemble,C2,747,966,0.128514,0.098885,0.159664,0.099379,0.076503,0.123701,0.112084,0.081344,0.064179,0.121352,0.040008
150,0.100000,D_seg segment,T1 non deductible,C3,272,487,0.161765,0.111111,0.214292,0.090349,0.061833,0.119145,0.115942,0.000000,0.052426,0.161765,0.161765
150,0.100000,D_seg segment,T2 intermediaire,C3,168,311,0.202381,0.145455,0.256285,0.109325,0.073826,0.144336,0.141962,0.060854,0.064304,0.202381,0.141527
150,0.100000,D_seg segment,T3 deductible,C3,211,328,0.312796,0.233827,0.388431,0.201220,0.144065,0.257145,0.244898,0.202519,0.079338,0.312796,0.110277
150,0.100000,D_seg segment,ensemble,C3,747,1247,0.219545,0.180230,0.256507,0.131516,0.106201,0.157146,0.164493,0.081344,0.064179,0.221198,0.139854
150,0.100000,D_logit regression,T1 non deductible,C3,249,548,0.140562,0.097452,0.183824,0.063869,0.043233,0.085179,0.087829,0.031699,0.046974,0.133641,0.101942
150,0.100000,D_logit regression,T2 intermediaire,C3,249,406,0.208835,0.159814,0.257937,0.128079,0.097624,0.159905,0.158779,0.064680,0.066301,0.200000,0.135320
150,0.100000,D_logit regression,T3 deductible,C3,249,293,0.309237,0.233940,0.381893,0.262799,0.195729,0.326925,0.284133,0.146896,0.079263,0.328767,0.181871
150,0.100000,D_logit regression,ensemble,C3,747,1247,0.219545,0.180230,0.256507,0.131516,0.106201,0.157146,0.164493,0.081344,0.064179,0.221198,0.139854
150,0.100000,D_seg segment,T1 non deductible,B0 mode,272,0,0.000000,0.000000,0.000000,,,,0.000000,0.000000,0.052426,0.000000,0.000000
150,0.100000,D_seg segment,T2 intermediaire,B0 mode,168,0,0.000000,0.000000,0.000000,,,,0.000000,0.060854,0.064304,0.000000,-0.060854
150,0.100000,D_seg segment,T3 deductible,B0 mode,211,0,0.000000,0.000000,0.000000,,,,0.000000,0.202519,0.079338,0.000000,-0.202519
150,0.100000,D_seg segment,ensemble,B0 mode,747,0,0.000000,0.000000,0.000000,,,,0.000000,0.081344,0.064179,0.000000,-0.081344
150,0.100000,D_logit regression,T1 non deductible,B0 mode,249,0,0.000000,0.000000,0.000000,,,,0.000000,0.031699,0.046974,0.000000,-0.031699
150,0.100000,D_logit regression,T2 intermediaire,B0 mode,249,0,0.000000,0.000000,0.000000,,,,0.000000,0.064680,0.066301,0.000000,-0.064680
150,0.100000,D_logit regression,T3 deductible,B0 mode,249,0,0.000000,0.000000,0.000000,,,,0.000000,0.146896,0.079263,0.000000,-0.146896
150,0.100000,D_logit regression,ensemble,B0 mode,747,0,0.000000,0.000000,0.000000,,,,0.000000,0.081344,0.064179,0.000000,-0.081344
150,0.100000,D_seg segment,T1 non deductible,B0 tirage,272,324,0.055147,0.029783,0.084593,0.046296,0.023739,0.073250,0.050336,0.000000,0.052426,0.055147,0.055147
150,0.100000,D_seg segment,T2 intermediaire,B0 tirage,168,221,0.071429,0.034285,0.117647,0.054299,0.026086,0.087382,0.061697,0.060854,0.064304,0.071429,0.010575
150,0.100000,D_seg segment,T3 deductible,B0 tirage,211,204,0.109005,0.069892,0.150604,0.112745,0.068783,0.160976,0.110843,0.202519,0.079338,0.109005,-0.093515
150,0.100000,D_seg segment,ensemble,B0 tirage,747,830,0.081660,0.062583,0.102181,0.073494,0.055144,0.094048,0.077362,0.081344,0.064179,0.076805,-0.004539
150,0.100000,D_logit regression,T1 non deductible,B0 tirage,249,353,0.044177,0.021552,0.068969,0.031161,0.014576,0.049690,0.036545,0.031699,0.046974,0.036866,0.005168
150,0.100000,D_logit regression,T2 intermediaire,B0 tirage,249,284,0.108434,0.073913,0.148703,0.095070,0.063156,0.131757,0.101313,0.064680,0.066301,0.106977,0.042297
150,0.100000,D_logit regression,T3 deductible,B0 tirage,249,193,0.092369,0.057143,0.131455,0.119171,0.072539,0.167568,0.104072,0.146896,0.079263,0.086758,-0.060139
150,0.100000,D_logit regression,ensemble,B0 tirage,747,830,0.081660,0.062583,0.102181,0.073494,0.055144,0.094048,0.077362,0.081344,0.064179,0.076805,-0.004539
150,0.100000,D_seg segment,T1 non deductible,B1 argmax,272,30,0.011029,0.000000,0.025090,0.100000,0.000000,0.238095,0.019868,0.000000,0.052426,0.011029,0.011029
150,0.100000,D_seg segment,T2 intermediaire,B1 argmax,168,34,0.035714,0.011172,0.068185,0.176471,0.057143,0.312500,0.059406,0.060854,0.064304,0.035714,-0.025140
150,0.100000,D_seg segment,T3 deductible,B1 argmax,211,127,0.109005,0.056495,0.164706,0.181102,0.093215,0.280908,0.136095,0.202519,0.079338,0.109005,-0.093515
150,0.100000,D_seg segment,ensemble,B1 argmax,747,215,0.045515,0.028184,0.064918,0.158140,0.101764,0.219314,0.070686,0.081344,0.064179,0.049155,-0.032189
150,0.100000,D_logit regression,T1 non deductible,B1 argmax,249,0,0.000000,0.000000,0.000000,,,,0.000000,0.031699,0.046974,0.000000,-0.031699
150,0.100000,D_logit regression,T2 intermediaire,B1 argmax,249,0,0.000000,0.000000,0.000000,,,,0.000000,0.064680,0.066301,0.000000,-0.064680
150,0.100000,D_logit regression,T3 deductible,B1 argmax,249,215,0.136546,0.087719,0.187506,0.158140,0.101764,0.219314,0.146552,0.146896,0.079263,0.146119,-0.000778
150,0.100000,D_logit regression,ensemble,B1 argmax,747,215,0.045515,0.028184,0.064918,0.158140,0.101764,0.219314,0.070686,0.081344,0.064179,0.049155,-0.032189
150,0.100000,D_seg segment,T1 non deductible,B2 argmax,272,4,0.007353,0.000000,0.023079,0.500000,0.000000,0.666667,0.014493,0.000000,0.052426,0.007353,0.007353
150,0.100000,D_seg segment,T2 intermediaire,B2 argmax,168,5,0.011905,0.000000,0.032790,0.400000,0.000000,1.000000,0.023121,0.060854,0.064304,0.011905,-0.048949
150,0.100000,D_seg segment,T3 deductible,B2 argmax,211,29,0.066351,0.031087,0.101854,0.482759,0.309478,0.680045,0.116667,0.202519,0.079338,0.066351,-0.136169
150,0.100000,D_seg segment,ensemble,B2 argmax,747,44,0.026774,0.013845,0.040816,0.454545,0.319125,0.589744,0.050569,0.081344,0.064179,0.027650,-0.053694
150,0.100000,D_logit regression,T1 non deductible,B2 argmax,249,2,0.000000,0.000000,0.000000,0.000000,0.000000,0.000000,0.000000,0.031699,0.046974,0.000000,-0.031699
150,0.100000,D_logit regression,T2 intermediaire,B2 argmax,249,5,0.000000,0.000000,0.000000,0.000000,0.000000,0.000000,0.000000,0.064680,0.066301,0.000000,-0.064680
150,0.100000,D_logit regression,T3 deductible,B2 argmax,249,37,0.080321,0.043860,0.118321,0.540541,0.392857,0.700000,0.139860,0.146896,0.079263,0.082192,-0.064705
150,0.100000,D_logit regression,ensemble,B2 argmax,747,44,0.026774,0.013845,0.040816,0.454545,0.319125,0.589744,0.050569,0.081344,0.064179,0.027650,-0.053694
150,0.100000,D_seg segment,T1 non deductible,B3 foret,272,2,0.003676,0.000000,0.012500,0.500000,0.000000,1.000000,0.007299,0.000000,0.052426,0.003676,0.003676
150,0.100000,D_seg segment,T2 intermediaire,B3 foret,168,4,0.005952,0.000000,0.020833,0.250000,0.000000,1.000000,0.011628,0.060854,0.064304,0.005952,-0.054902
150,0.100000,D_seg segment,T3 deductible,B3 foret,211,16,0.014218,0.000000,0.030612,0.187500,0.000000,0.437500,0.026432,0.202519,0.079338,0.014218,-0.188301
150,0.100000,D_seg segment,ensemble,B3 foret,747,29,0.008032,0.002659,0.014417,0.206897,0.064516,0.379351,0.015464,0.081344,0.064179,0.007680,-0.073664
150,0.100000,D_logit regression,T1 non deductible,B3 foret,249,0,0.000000,0.000000,0.000000,,,,0.000000,0.031699,0.046974,0.000000,-0.031699
150,0.100000,D_logit regression,T2 intermediaire,B3 foret,249,0,0.000000,0.000000,0.000000,,,,0.000000,0.064680,0.066301,0.000000,-0.064680
150,0.100000,D_logit regression,T3 deductible,B3 foret,249,29,0.024096,0.007842,0.043825,0.206897,0.064516,0.379351,0.043165,0.146896,0.079263,0.022831,-0.124065
150,0.100000,D_logit regression,ensemble,B3 foret,747,29,0.008032,0.002659,0.014417,0.206897,0.064516,0.379351,0.015464,0.081344,0.064179,0.007680,-0.073664
150,0.100000,D_seg segment,T1 non deductible,humains vague 2,272,267,0.415441,0.356894,0.477613,0.423221,0.354581,0.497610,0.419295,0.000000,0.052426,0.415441,0.415441
150,0.100000,D_seg segment,T2 intermediaire,humains vague 2,168,183,0.547619,0.466291,0.631944,0.502732,0.425638,0.581155,0.524217,0.060854,0.064304,0.547619,0.486765
150,0.100000,D_seg segment,T3 deductible,humains vague 2,211,249,0.535545,0.448440,0.615063,0.453815,0.373873,0.530323,0.491304,0.202519,0.079338,0.535545,0.333026
150,0.100000,D_seg segment,ensemble,humains vague 2,747,790,0.473896,0.432598,0.514589,0.448101,0.400246,0.493352,0.460638,0.081344,0.064179,0.488479,0.407135
150,0.100000,D_logit regression,T1 non deductible,humains vague 2,249,240,0.385542,0.326689,0.446359,0.400000,0.336031,0.466677,0.392638,0.031699,0.046974,0.405530,0.373831
150,0.100000,D_logit regression,T2 intermediaire,humains vague 2,249,270,0.449799,0.381119,0.520334,0.414815,0.348989,0.482895,0.431599,0.064680,0.066301,0.465116,0.400437
150,0.100000,D_logit regression,T3 deductible,humains vague 2,249,280,0.586345,0.510899,0.654765,0.521429,0.452370,0.585717,0.551985,0.146896,0.079263,0.593607,0.446711
150,0.100000,D_logit regression,ensemble,humains vague 2,747,790,0.473896,0.432598,0.514589,0.448101,0.400246,0.493352,0.460638,0.081344,0.064179,0.488479,0.407135
150,0.200000,D_seg segment,T1 non deductible,agents composite,741,606,0.248313,0.211336,0.284695,0.303630,0.258112,0.349114,0.273200,0.023444,0.092343,0.248313,0.224869
150,0.200000,D_seg segment,T2 intermediaire,agents composite,691,627,0.360347,0.320344,0.401189,0.397129,0.357515,0.437086,0.377845,0.134594,0.129836,0.360347,0.225754
150,0.200000,D_seg segment,T3 deductible,agents composite,712,659,0.459270,0.413138,0.504066,0.496206,0.454667,0.536687,0.477024,0.333206,0.150234,0.459270,0.126064
150,0.200000,D_seg segment,ensemble,agents composite,2414,2131,0.352113,0.324173,0.380088,0.398874,0.372718,0.424284,0.374037,0.162136,0.123149,0.354478,0.192342
150,0.200000,D_logit regression,T1 non deductible,agents composite,805,680,0.232298,0.196229,0.270203,0.275000,0.235022,0.314901,0.251852,0.072715,0.091031,0.237027,0.164311
150,0.200000,D_logit regression,T2 intermediaire,agents composite,804,674,0.319652,0.283455,0.356027,0.381306,0.345162,0.416924,0.347767,0.153099,0.130554,0.320388,0.167289
150,0.200000,D_logit regression,T3 deductible,agents composite,805,777,0.504348,0.465789,0.542185,0.522523,0.482349,0.560053,0.513274,0.261111,0.147872,0.507042,0.245932
150,0.200000,D_logit regression,ensemble,agents composite,2414,2131,0.352113,0.324173,0.380088,0.398874,0.372718,0.424284,0.374037,0.162136,0.123149,0.354478,0.192342
150,0.200000,D_seg segment,T1 non deductible,agents entretien (v3),741,656,0.221323,0.185479,0.257144,0.250000,0.208261,0.290938,0.234789,0.023444,0.092343,0.221323,0.197878
150,0.200000,D_seg segment,T2 intermediaire,agents entretien (v3),691,697,0.329957,0.290323,0.371199,0.327116,0.287539,0.364023,0.328530,0.134594,0.129836,0.329957,0.195363
150,0.200000,D_seg segment,T3 deductible,agents entretien (v3),712,766,0.484551,0.438039,0.526919,0.450392,0.406096,0.493849,0.466847,0.333206,0.150234,0.484551,0.151345
150,0.200000,D_seg segment,ensemble,agents entretien (v3),2414,2378,0.345070,0.316316,0.372985,0.350294,0.325938,0.374638,0.347663,0.162136,0.123149,0.343750,0.181614
150,0.200000,D_logit regression,T1 non deductible,agents entretien (v3),805,695,0.191304,0.158664,0.225729,0.221583,0.186344,0.257622,0.205333,0.072715,0.091031,0.194951,0.122236
150,0.200000,D_logit regression,T2 intermediaire,agents entretien (v3),804,777,0.332090,0.295062,0.368108,0.343629,0.309041,0.378706,0.337761,0.153099,0.130554,0.323162,0.170063
150,0.200000,D_logit regression,T3 deductible,agents entretien (v3),805,906,0.511801,0.470438,0.550953,0.454746,0.415567,0.493123,0.481590,0.261111,0.147872,0.514085,0.252974
150,0.200000,D_logit regression,ensemble,agents entretien (v3),2414,2378,0.345070,0.316316,0.372985,0.350294,0.325938,0.374638,0.347663,0.162136,0.123149,0.343750,0.181614
150,0.200000,D_seg segment,T1 non deductible,agents enquete,741,670,0.183536,0.145722,0.220731,0.202985,0.162754,0.240416,0.192771,0.023444,0.092343,0.183536,0.160091
150,0.200000,D_seg segment,T2 intermediaire,agents enquete,691,617,0.261939,0.217967,0.305807,0.293355,0.250942,0.334316,0.276758,0.134594,0.129836,0.261939,0.127346
150,0.200000,D_seg segment,T3 deductible,agents enquete,712,570,0.332865,0.280586,0.379033,0.415789,0.363821,0.464649,0.369735,0.333206,0.150234,0.332865,-0.000340
150,0.200000,D_seg segment,ensemble,agents enquete,2414,2116,0.259321,0.227586,0.289506,0.295841,0.267476,0.323775,0.276380,0.162136,0.123149,0.258396,0.096260
150,0.200000,D_logit regression,T1 non deductible,agents enquete,805,776,0.180124,0.147274,0.213954,0.186856,0.154607,0.218347,0.183428,0.072715,0.091031,0.183731,0.111015
150,0.200000,D_logit regression,T2 intermediaire,agents enquete,804,677,0.257463,0.219035,0.295485,0.305761,0.266878,0.344430,0.279541,0.153099,0.130554,0.251040,0.097941
150,0.200000,D_logit regression,T3 deductible,agents enquete,805,663,0.340373,0.293544,0.384909,0.413273,0.364552,0.460248,0.373297,0.261111,0.147872,0.340845,0.079735
150,0.200000,D_logit regression,ensemble,agents enquete,2414,2116,0.259321,0.227586,0.289506,0.295841,0.267476,0.323775,0.276380,0.162136,0.123149,0.258396,0.096260
150,0.200000,D_seg segment,T1 non deductible,agents demographiques (v6),741,456,0.171390,0.145355,0.198198,0.278509,0.239493,0.319614,0.212197,0.023444,0.092343,0.171390,0.147946
150,0.200000,D_seg segment,T2 intermediaire,agents demographiques (v6),691,463,0.162084,0.133416,0.189842,0.241901,0.201180,0.283904,0.194107,0.134594,0.129836,0.162084,0.027490
150,0.200000,D_seg segment,T3 deductible,agents demographiques (v6),712,396,0.183989,0.150825,0.218501,0.330808,0.279700,0.381421,0.236462,0.333206,0.150234,0.183989,-0.149217
150,0.200000,D_seg segment,ensemble,agents demographiques (v6),2414,1461,0.172742,0.156123,0.189245,0.285421,0.262082,0.309700,0.215226,0.162136,0.123149,0.172575,0.010439
150,0.200000,D_logit regression,T1 non deductible,agents demographiques (v6),805,505,0.149068,0.127950,0.171783,0.237624,0.200409,0.277662,0.183206,0.072715,0.091031,0.157083,0.084367
150,0.200000,D_logit regression,T2 intermediaire,agents demographiques (v6),804,509,0.171642,0.145967,0.197816,0.271120,0.231703,0.312245,0.210206,0.153099,0.130554,0.171983,0.018884
150,0.200000,D_logit regression,T3 deductible,agents demographiques (v6),805,447,0.197516,0.161937,0.233551,0.355705,0.307688,0.402986,0.253994,0.261111,0.147872,0.188732,-0.072378
150,0.200000,D_logit regression,ensemble,agents demographiques (v6),2414,1461,0.172742,0.156123,0.189245,0.285421,0.262082,0.309700,0.215226,0.162136,0.123149,0.172575,0.010439
150,0.200000,D_seg segment,T1 non deductible,agents v7,741,463,0.074224,0.052270,0.098854,0.118790,0.085589,0.155783,0.091362,0.023444,0.092343,0.074224,0.050780
150,0.200000,D_seg segment,T2 intermediaire,agents v7,691,465,0.125904,0.096234,0.157419,0.187097,0.145694,0.230011,0.150519,0.134594,0.129836,0.125904,-0.008689
150,0.200000,D_seg segment,T3 deductible,agents v7,712,376,0.161517,0.130038,0.193064,0.305851,0.255318,0.359047,0.211397,0.333206,0.150234,0.161517,-0.171689
150,0.200000,D_seg segment,ensemble,agents v7,2414,1457,0.121375,0.104112,0.139362,0.201098,0.175789,0.227937,0.151382,0.162136,0.123149,0.119869,-0.042266
150,0.200000,D_logit regression,T1 non deductible,agents v7,805,548,0.068323,0.046753,0.093026,0.100365,0.070780,0.132008,0.081301,0.072715,0.091031,0.064516,-0.008199
150,0.200000,D_logit regression,T2 intermediaire,agents v7,804,471,0.106965,0.084112,0.131148,0.182590,0.145250,0.220751,0.134902,0.153099,0.130554,0.104022,-0.049077
150,0.200000,D_logit regression,T3 deductible,agents v7,805,438,0.188820,0.155811,0.223810,0.347032,0.299558,0.397594,0.244570,0.261111,0.147872,0.191549,-0.069561
150,0.200000,D_logit regression,ensemble,agents v7,2414,1457,0.121375,0.104112,0.139362,0.201098,0.175789,0.227937,0.151382,0.162136,0.123149,0.119869,-0.042266
150,0.200000,D_seg segment,T1 non deductible,agents v8,741,513,0.086370,0.061162,0.111111,0.124756,0.089026,0.162741,0.102073,0.023444,0.092343,0.086370,0.062925
150,0.200000,D_seg segment,T2 intermediaire,agents v8,691,656,0.127352,0.097201,0.160439,0.134146,0.102804,0.168870,0.130661,0.134594,0.129836,0.127352,-0.007242
150,0.200000,D_seg segment,T3 deductible,agents v8,712,927,0.346910,0.284671,0.403705,0.266451,0.224079,0.309524,0.301403,0.333206,0.150234,0.346910,0.013704
150,0.200000,D_seg segment,ensemble,agents v8,2414,2434,0.196769,0.164128,0.228539,0.195152,0.169622,0.221964,0.195957,0.162136,0.123149,0.186101,0.023965
150,0.200000,D_logit regression,T1 non deductible,agents v8,805,637,0.073292,0.054022,0.094883,0.092622,0.069485,0.118508,0.081831,0.072715,0.091031,0.070126,-0.002589
150,0.200000,D_logit regression,T2 intermediaire,agents v8,804,790,0.146766,0.115205,0.177868,0.149367,0.120922,0.178118,0.148055,0.153099,0.130554,0.137309,-0.015790
150,0.200000,D_logit regression,T3 deductible,agents v8,805,1007,0.370186,0.314993,0.422502,0.295929,0.257113,0.334958,0.328918,0.261111,0.147872,0.352113,0.091002
150,0.200000,D_logit regression,ensemble,agents v8,2414,2434,0.196769,0.164128,0.228539,0.195152,0.169622,0.221964,0.195957,0.162136,0.123149,0.186101,0.023965
150,0.200000,D_seg segment,T1 non deductible,C2,741,790,0.120108,0.094361,0.148103,0.112658,0.087811,0.138958,0.116264,0.023444,0.092343,0.120108,0.096664
150,0.200000,D_seg segment,T2 intermediaire,C2,691,775,0.163531,0.135834,0.193069,0.145806,0.121287,0.172153,0.154161,0.134594,0.129836,0.163531,0.028937
150,0.200000,D_seg segment,T3 deductible,C2,712,854,0.321629,0.279163,0.361237,0.268150,0.231975,0.303635,0.292465,0.333206,0.150234,0.321629,-0.011576
150,0.200000,D_seg segment,ensemble,C2,2414,2756,0.203811,0.179921,0.227392,0.178520,0.158600,0.198340,0.190329,0.162136,0.123149,0.201026,0.038890
150,0.200000,D_logit regression,T1 non deductible,C2,805,858,0.089441,0.068674,0.111115,0.083916,0.064444,0.103680,0.086590,0.072715,0.091031,0.088359,0.015644
150,0.200000,D_logit regression,T2 intermediaire,C2,804,906,0.167910,0.140553,0.195489,0.149007,0.124736,0.173866,0.157895,0.153099,0.130554,0.167822,0.014724
150,0.200000,D_logit regression,T3 deductible,C2,805,992,0.354037,0.313413,0.392377,0.287298,0.252399,0.323600,0.317195,0.261111,0.147872,0.347887,0.086777
150,0.200000,D_logit regression,ensemble,C2,2414,2756,0.203811,0.179921,0.227392,0.178520,0.158600,0.198340,0.190329,0.162136,0.123149,0.201026,0.038890
150,0.200000,D_seg segment,T1 non deductible,C3,741,1224,0.237517,0.197800,0.275510,0.143791,0.116651,0.171542,0.179135,0.023444,0.092343,0.237517,0.214073
150,0.200000,D_seg segment,T2 intermediaire,C3,691,834,0.299566,0.256130,0.344132,0.248201,0.210767,0.286339,0.271475,0.134594,0.129836,0.299566,0.164972
150,0.200000,D_seg segment,T3 deductible,C3,712,567,0.314607,0.275000,0.354074,0.395062,0.348883,0.439752,0.350274,0.333206,0.150234,0.314607,-0.018599
150,0.200000,D_seg segment,ensemble,C3,2414,2920,0.277962,0.250509,0.303647,0.229795,0.206493,0.252295,0.251594,0.162136,0.123149,0.283116,0.120980
150,0.200000,D_logit regression,T1 non deductible,C3,805,1436,0.222360,0.190111,0.254328,0.124652,0.104062,0.145038,0.159750,0.072715,0.091031,0.228612,0.155896
150,0.200000,D_logit regression,T2 intermediaire,C3,804,852,0.278607,0.244530,0.312426,0.262911,0.229760,0.296842,0.270531,0.153099,0.130554,0.278779,0.125681
150,0.200000,D_logit regression,T3 deductible,C3,805,632,0.332919,0.286568,0.376384,0.424051,0.374782,0.469391,0.372999,0.261111,0.147872,0.342254,0.081143
150,0.200000,D_logit regression,ensemble,C3,2414,2920,0.277962,0.250509,0.303647,0.229795,0.206493,0.252295,0.251594,0.162136,0.123149,0.283116,0.120980
150,0.200000,D_seg segment,T1 non deductible,B0 mode,741,0,0.000000,0.000000,0.000000,,,,0.000000,0.023444,0.092343,0.000000,-0.023444
150,0.200000,D_seg segment,T2 intermediaire,B0 mode,691,0,0.000000,0.000000,0.000000,,,,0.000000,0.134594,0.129836,0.000000,-0.134594
150,0.200000,D_seg segment,T3 deductible,B0 mode,712,0,0.000000,0.000000,0.000000,,,,0.000000,0.333206,0.150234,0.000000,-0.333206
150,0.200000,D_seg segment,ensemble,B0 mode,2414,0,0.000000,0.000000,0.000000,,,,0.000000,0.162136,0.123149,0.000000,-0.162136
150,0.200000,D_logit regression,T1 non deductible,B0 mode,805,0,0.000000,0.000000,0.000000,,,,0.000000,0.072715,0.091031,0.000000,-0.072715
150,0.200000,D_logit regression,T2 intermediaire,B0 mode,804,0,0.000000,0.000000,0.000000,,,,0.000000,0.153099,0.130554,0.000000,-0.153099
150,0.200000,D_logit regression,T3 deductible,B0 mode,805,0,0.000000,0.000000,0.000000,,,,0.000000,0.261111,0.147872,0.000000,-0.261111
150,0.200000,D_logit regression,ensemble,B0 mode,2414,0,0.000000,0.000000,0.000000,,,,0.000000,0.162136,0.123149,0.000000,-0.162136
150,0.200000,D_seg segment,T1 non deductible,B0 tirage,741,1021,0.075574,0.055943,0.096155,0.054848,0.040224,0.070668,0.063564,0.023444,0.092343,0.075574,0.052129
150,0.200000,D_seg segment,T2 intermediaire,B0 tirage,691,700,0.134588,0.111436,0.159333,0.132857,0.109530,0.158295,0.133717,0.134594,0.129836,0.134588,-0.000006
150,0.200000,D_seg segment,T3 deductible,B0 tirage,712,529,0.134831,0.109969,0.160222,0.181474,0.147704,0.217480,0.154714,0.333206,0.150234,0.134831,-0.198374
150,0.200000,D_seg segment,ensemble,B0 tirage,2414,2481,0.114747,0.102691,0.127766,0.111649,0.098478,0.125503,0.113177,0.162136,0.123149,0.114272,-0.047863
150,0.200000,D_logit regression,T1 non deductible,B0 tirage,805,1210,0.088199,0.069952,0.107712,0.058678,0.045138,0.072773,0.070471,0.072715,0.091031,0.086957,0.014241
150,0.200000,D_logit regression,T2 intermediaire,B0 tirage,804,799,0.136816,0.114183,0.161290,0.137672,0.115099,0.161784,0.137243,0.153099,0.130554,0.140083,-0.013016
150,0.200000,D_logit regression,T3 deductible,B0 tirage,805,472,0.119255,0.099226,0.140162,0.203390,0.168917,0.238512,0.150352,0.261111,0.147872,0.115493,-0.145618
150,0.200000,D_logit regression,ensemble,B0 tirage,2414,2481,0.114747,0.102691,0.127766,0.111649,0.098478,0.125503,0.113177,0.162136,0.123149,0.114272,-0.047863
150,0.200000,D_seg segment,T1 non deductible,B1 argmax,741,138,0.031039,0.018597,0.044756,0.166667,0.104573,0.234375,0.052332,0.023444,0.092343,0.031039,0.007595
150,0.200000,D_seg segment,T2 intermediaire,B1 argmax,691,243,0.081042,0.058739,0.105829,0.230453,0.177863,0.286326,0.119914,0.134594,0.129836,0.081042,-0.053552
150,0.200000,D_seg segment,T3 deductible,B1 argmax,712,560,0.278090,0.241234,0.313347,0.353571,0.307226,0.399287,0.311321,0.333206,0.150234,0.278090,-0.055116
150,0.200000,D_seg segment,ensemble,B1 argmax,2414,1058,0.131317,0.114046,0.149172,0.299622,0.268761,0.331881,0.182604,0.162136,0.123149,0.129198,-0.032938
150,0.200000,D_logit regression,T1 non deductible,B1 argmax,805,0,0.000000,0.000000,0.000000,,,,0.000000,0.072715,0.091031,0.000000,-0.072715
150,0.200000,D_logit regression,T2 intermediaire,B1 argmax,804,5,0.000000,0.000000,0.000000,0.000000,0.000000,0.000000,0.000000,0.153099,0.130554,0.000000,-0.153099
150,0.200000,D_logit regression,T3 deductible,B1 argmax,805,1053,0.393789,0.359670,0.428026,0.301045,0.269697,0.333333,0.341227,0.261111,0.147872,0.390141,0.129030
150,0.200000,D_logit regression,ensemble,B1 argmax,2414,1058,0.131317,0.114046,0.149172,0.299622,0.268761,0.331881,0.182604,0.162136,0.123149,0.129198,-0.032938
150,0.200000,D_seg segment,T1 non deductible,B2 argmax,741,60,0.028340,0.017020,0.040343,0.350000,0.238075,0.460317,0.052434,0.023444,0.092343,0.028340,0.004896
150,0.200000,D_seg segment,T2 intermediaire,B2 argmax,691,104,0.073806,0.052632,0.094463,0.490385,0.390909,0.587160,0.128302,0.134594,0.129836,0.073806,-0.060788
150,0.200000,D_seg segment,T3 deductible,B2 argmax,712,235,0.185393,0.147782,0.222226,0.561702,0.500000,0.619048,0.278775,0.333206,0.150234,0.185393,-0.147812
150,0.200000,D_seg segment,ensemble,B2 argmax,2414,473,0.100249,0.083056,0.117648,0.511628,0.461538,0.558055,0.167648,0.162136,0.123149,0.095149,-0.066986
150,0.200000,D_logit regression,T1 non deductible,B2 argmax,805,71,0.036025,0.022277,0.051725,0.408451,0.283582,0.530125,0.066210,0.072715,0.091031,0.040673,-0.032042
150,0.200000,D_logit regression,T2 intermediaire,B2 argmax,804,141,0.068408,0.049938,0.086957,0.390071,0.308634,0.471340,0.116402,0.153099,0.130554,0.066574,-0.086525
150,0.200000,D_logit regression,T3 deductible,B2 argmax,805,261,0.196273,0.159380,0.232414,0.605364,0.541500,0.663969,0.296435,0.261111,0.147872,0.178873,-0.082237
150,0.200000,D_logit regression,ensemble,B2 argmax,2414,473,0.100249,0.083056,0.117648,0.511628,0.461538,0.558055,0.167648,0.162136,0.123149,0.095149,-0.066986
150,0.200000,D_seg segment,T1 non deductible,B3 foret,741,20,0.006748,0.001361,0.013333,0.250000,0.071429,0.437500,0.013141,0.023444,0.092343,0.006748,-0.016697
150,0.200000,D_seg segment,T2 intermediaire,B3 foret,691,46,0.020260,0.009735,0.032259,0.304348,0.170719,0.434783,0.037992,0.134594,0.129836,0.020260,-0.114333
150,0.200000,D_seg segment,T3 deductible,B3 foret,712,209,0.127809,0.100136,0.155690,0.435407,0.368919,0.502565,0.197611,0.333206,0.150234,0.127809,-0.205397
150,0.200000,D_seg segment,ensemble,B3 foret,2414,324,0.054267,0.043970,0.064777,0.404321,0.353111,0.458749,0.095690,0.162136,0.123149,0.051306,-0.110830
150,0.200000,D_logit regression,T1 non deductible,B3 foret,805,1,0.000000,0.000000,0.000000,0.000000,0.000000,0.000000,0.000000,0.072715,0.091031,0.000000,-0.072715
150,0.200000,D_logit regression,T2 intermediaire,B3 foret,804,24,0.002488,0.000000,0.006468,0.083333,0.000000,0.214363,0.004831,0.153099,0.130554,0.002774,-0.150325
150,0.200000,D_logit regression,T3 deductible,B3 foret,805,299,0.160248,0.134363,0.185274,0.431438,0.377774,0.488056,0.233696,0.261111,0.147872,0.152113,-0.108998
150,0.200000,D_logit regression,ensemble,B3 foret,2414,324,0.054267,0.043970,0.064777,0.404321,0.353111,0.458749,0.095690,0.162136,0.123149,0.051306,-0.110830
150,0.200000,D_seg segment,T1 non deductible,humains vague 2,741,755,0.502024,0.458021,0.548800,0.492715,0.442037,0.542285,0.497326,0.023444,0.092343,0.502024,0.478580
150,0.200000,D_seg segment,T2 intermediaire,humains vague 2,691,674,0.565847,0.517292,0.613882,0.580119,0.531570,0.627425,0.572894,0.134594,0.129836,0.565847,0.431253
150,0.200000,D_seg segment,T3 deductible,humains vague 2,712,706,0.688202,0.647397,0.729316,0.694051,0.649599,0.738693,0.691114,0.333206,0.150234,0.688202,0.354997
150,0.200000,D_seg segment,ensemble,humains vague 2,2414,2386,0.582436,0.550882,0.613852,0.589271,0.555233,0.623639,0.585833,0.162136,0.123149,0.584422,0.422286
150,0.200000,D_logit regression,T1 non deductible,humains vague 2,805,790,0.470807,0.426362,0.515425,0.479747,0.434733,0.526590,0.475235,0.072715,0.091031,0.490884,0.418168
150,0.200000,D_logit regression,T2 intermediaire,humains vague 2,804,801,0.580846,0.539043,0.625166,0.583021,0.543144,0.623729,0.581931,0.153099,0.130554,0.578363,0.425264
150,0.200000,D_logit regression,T3 deductible,humains vague 2,805,795,0.695652,0.653083,0.735879,0.704403,0.657640,0.747526,0.700000,0.261111,0.147872,0.684507,0.423396
150,0.200000,D_logit regression,ensemble,humains vague 2,2414,2386,0.582436,0.550882,0.613852,0.589271,0.555233,0.623639,0.585833,0.162136,0.123149,0.584422,0.422286
