perimetre,condition,famille_condition,variante,r,r_ic_bas,r_ic_haut,r2,r2_ic_bas,r2_ic_haut,p_bilateral,n_cellules
150,agents composite,riche,moyenne d'item,0.436112,0.404154,0.466807,0.190194,0.163341,0.217909,0.000500,10645
150,agents composite,riche,moyenne d'item et de segment 18,0.367547,0.336319,0.397033,0.135091,0.113110,0.157635,0.000500,10645
150,agents composite,riche,moyenne d'item et de segment 42,0.381546,0.348793,0.410504,0.145577,0.121657,0.168513,0.000500,10219
150,agents entretien (v3),riche,moyenne d'item,0.397532,0.365015,0.428441,0.158032,0.133236,0.183562,0.000500,10624
150,agents entretien (v3),riche,moyenne d'item et de segment 18,0.309011,0.277421,0.337255,0.095488,0.076963,0.113741,0.000500,10624
150,agents entretien (v3),riche,moyenne d'item et de segment 42,0.327625,0.297012,0.356032,0.107338,0.088216,0.126759,0.000500,10199
150,agents enquete,riche,moyenne d'item,0.355949,0.317456,0.392928,0.126700,0.100778,0.154393,0.000500,10628
150,agents enquete,riche,moyenne d'item et de segment 18,0.285467,0.250492,0.318482,0.081492,0.062746,0.101431,0.000500,10628
150,agents enquete,riche,moyenne d'item et de segment 42,0.303594,0.267029,0.337517,0.092169,0.071304,0.113918,0.000500,10203
150,agents demographiques (v6),etiquette,moyenne d'item,0.133649,0.106972,0.164031,0.017862,0.011443,0.026906,0.000500,10625
150,agents demographiques (v6),etiquette,moyenne d'item et de segment 18,0.111095,0.085084,0.135090,0.012342,0.007239,0.018249,0.000500,10625
150,agents demographiques (v6),etiquette,moyenne d'item et de segment 42,0.138479,0.112469,0.163231,0.019177,0.012649,0.026644,0.000500,10203
150,agents v7,riche,moyenne d'item,0.133777,0.095246,0.172062,0.017896,0.009072,0.029605,0.000500,10629
150,agents v7,riche,moyenne d'item et de segment 18,0.107251,0.073626,0.141079,0.011503,0.005421,0.019903,0.000500,10629
150,agents v7,riche,moyenne d'item et de segment 42,0.130629,0.094893,0.165830,0.017064,0.009005,0.027500,0.000500,10203
150,agents v8,etiquette,moyenne d'item,0.227376,0.187080,0.270325,0.051700,0.034999,0.073075,0.000500,10636
150,agents v8,etiquette,moyenne d'item et de segment 18,0.070186,0.030043,0.107643,0.004926,0.000903,0.011587,0.001000,10636
150,agents v8,etiquette,moyenne d'item et de segment 42,0.090559,0.049446,0.129197,0.008201,0.002445,0.016692,0.000500,10211
150,C2,etiquette,moyenne d'item,0.132876,0.104035,0.162029,0.017656,0.010823,0.026253,0.000500,10650
150,C2,etiquette,moyenne d'item et de segment 18,0.054857,0.028637,0.079524,0.003009,0.000820,0.006324,0.000500,10650
150,C2,etiquette,moyenne d'item et de segment 42,0.077330,0.051768,0.102627,0.005980,0.002680,0.010532,0.000500,10224
150,C3,riche,moyenne d'item,0.187833,0.159914,0.215072,0.035281,0.025573,0.046256,0.000500,10650
150,C3,riche,moyenne d'item et de segment 18,0.174231,0.147034,0.200614,0.030357,0.021619,0.040246,0.000500,10650
150,C3,riche,moyenne d'item et de segment 42,0.194910,0.167030,0.222714,0.037990,0.027899,0.049602,0.000500,10224
150,PMM k=5,imputation par tirage,moyenne d'item,0.374469,0.341610,0.405519,0.140227,0.116697,0.164446,0.000500,10650
150,PMM k=5,imputation par tirage,moyenne d'item et de segment 18,0.303296,0.272424,0.331625,0.091989,0.074215,0.109975,0.000500,10650
150,PMM k=5,imputation par tirage,moyenne d'item et de segment 42,0.318289,0.287466,0.345826,0.101308,0.082637,0.119595,0.000500,10224
150,PMM k=10,imputation par tirage,moyenne d'item,0.371021,0.340400,0.399959,0.137656,0.115872,0.159967,0.000500,10650
150,PMM k=10,imputation par tirage,moyenne d'item et de segment 18,0.298352,0.267749,0.326581,0.089014,0.071689,0.106655,0.000500,10650
150,PMM k=10,imputation par tirage,moyenne d'item et de segment 42,0.313914,0.282635,0.344253,0.098542,0.079883,0.118510,0.000500,10224
150,IM m=10 mode des m,imputation multiple,moyenne d'item,0.380091,0.348941,0.411823,0.144470,0.121760,0.169598,0.000500,10650
150,IM m=10 mode des m,imputation multiple,moyenne d'item et de segment 18,0.308163,0.279768,0.336410,0.094965,0.078270,0.113171,0.000500,10650
150,IM m=10 mode des m,imputation multiple,moyenne d'item et de segment 42,0.322932,0.293195,0.351748,0.104285,0.085963,0.123727,0.000500,10224
150,B0 mode,aveugle,moyenne d'item,0.003865,-0.021606,0.030110,0.000015,0.000000,0.000997,0.761000,10650
150,B0 mode,aveugle,moyenne d'item et de segment 18,0.024098,-0.010079,0.057517,0.000581,0.000002,0.003308,0.172000,10650
150,B0 mode,aveugle,moyenne d'item et de segment 42,0.057437,0.024701,0.092448,0.003299,0.000610,0.008547,0.002000,10224
150,B1 argmax,statistique,moyenne d'item,0.244563,0.212028,0.276580,0.059811,0.044956,0.076497,0.000500,10650
150,B1 argmax,statistique,moyenne d'item et de segment 18,0.117647,0.090080,0.143714,0.013841,0.008114,0.020654,0.000500,10650
150,B1 argmax,statistique,moyenne d'item et de segment 42,0.133967,0.105953,0.161401,0.017947,0.011226,0.026050,0.000500,10224
150,B2 argmax,statistique,moyenne d'item,0.326633,0.290766,0.362179,0.106689,0.084545,0.131174,0.000500,10650
150,B2 argmax,statistique,moyenne d'item et de segment 18,0.246658,0.214959,0.277804,0.060840,0.046207,0.077175,0.000500,10650
150,B2 argmax,statistique,moyenne d'item et de segment 42,0.271795,0.238008,0.304830,0.073872,0.056648,0.092921,0.000500,10224
150,B3 foret,statistique,moyenne d'item,0.213679,0.180308,0.246787,0.045659,0.032511,0.060904,0.000500,10650
150,B3 foret,statistique,moyenne d'item et de segment 18,0.092094,0.062551,0.120751,0.008481,0.003913,0.014581,0.000500,10650
150,B3 foret,statistique,moyenne d'item et de segment 42,0.114384,0.085008,0.144872,0.013084,0.007226,0.020988,0.000500,10224
150,humains vague 2,plancher,moyenne d'item,0.649287,0.615099,0.681218,0.421574,0.378346,0.464058,0.000500,10650
150,humains vague 2,plancher,moyenne d'item et de segment 18,0.616076,0.582330,0.648042,0.379549,0.339109,0.419959,0.000500,10650
150,humains vague 2,plancher,moyenne d'item et de segment 42,0.622320,0.587346,0.654417,0.387282,0.344975,0.428262,0.000500,10224
1052,agents composite,riche,moyenne d'item,0.440451,0.428248,0.452093,0.193997,0.183396,0.204388,0.000500,74660
1052,agents composite,riche,moyenne d'item et de segment 18,0.367875,0.356765,0.379057,0.135332,0.127281,0.143684,0.000500,74660
1052,agents composite,riche,moyenne d'item et de segment 42,0.380123,0.368445,0.391324,0.144494,0.135751,0.153135,0.000500,71466
1052,agents entretien (v3),riche,moyenne d'item,0.405551,0.393803,0.418036,0.164472,0.155081,0.174754,0.000500,74507
1052,agents entretien (v3),riche,moyenne d'item et de segment 18,0.314302,0.303481,0.325737,0.098786,0.092101,0.106105,0.000500,74507
1052,agents entretien (v3),riche,moyenne d'item et de segment 42,0.327274,0.316304,0.339002,0.107108,0.100048,0.114923,0.000500,71319
1052,agents enquete,riche,moyenne d'item,0.365736,0.352811,0.379486,0.133763,0.124476,0.144009,0.000500,74586
1052,agents enquete,riche,moyenne d'item et de segment 18,0.289836,0.277450,0.302962,0.084005,0.076978,0.091786,0.000500,74586
1052,agents enquete,riche,moyenne d'item et de segment 42,0.301874,0.289328,0.315059,0.091128,0.083711,0.099262,0.000500,71398
1052,agents demographiques (v6),etiquette,moyenne d'item,0.128113,0.117062,0.140654,0.016413,0.013703,0.019783,0.000500,74500
1052,agents demographiques (v6),etiquette,moyenne d'item et de segment 18,0.104584,0.094052,0.115740,0.010938,0.008846,0.013396,0.000500,74500
1052,agents demographiques (v6),etiquette,moyenne d'item et de segment 42,0.121425,0.110882,0.133159,0.014744,0.012295,0.017731,0.000500,71310
1052,agents v7,riche,moyenne d'item,0.105114,0.090731,0.118653,0.011049,0.008232,0.014078,0.000500,74611
1052,agents v7,riche,moyenne d'item et de segment 18,0.086057,0.072961,0.099306,0.007406,0.005323,0.009862,0.000500,74611
1052,agents v7,riche,moyenne d'item et de segment 42,0.102742,0.089971,0.115829,0.010556,0.008095,0.013416,0.000500,71419
1052,agents v8,etiquette,moyenne d'item,0.233848,0.218050,0.249683,0.054685,0.047546,0.062342,0.000500,74549
1052,agents v8,etiquette,moyenne d'item et de segment 18,0.065209,0.051427,0.078800,0.004252,0.002645,0.006209,0.000500,74549
1052,agents v8,etiquette,moyenne d'item et de segment 42,0.082854,0.068248,0.096886,0.006865,0.004658,0.009387,0.000500,71359
1052,PMM k=5,imputation par tirage,moyenne d'item,0.379315,0.366602,0.391352,0.143880,0.134397,0.153156,0.000500,74692
1052,PMM k=5,imputation par tirage,moyenne d'item et de segment 18,0.310334,0.299035,0.321097,0.096307,0.089422,0.103103,0.000500,74692
1052,PMM k=5,imputation par tirage,moyenne d'item et de segment 42,0.319957,0.308089,0.330938,0.102372,0.094919,0.109520,0.000500,71497
1052,PMM k=10,imputation par tirage,moyenne d'item,0.379256,0.367243,0.391274,0.143835,0.134867,0.153095,0.000500,74692
1052,PMM k=10,imputation par tirage,moyenne d'item et de segment 18,0.309872,0.298509,0.321034,0.096021,0.089107,0.103063,0.000500,74692
1052,PMM k=10,imputation par tirage,moyenne d'item et de segment 42,0.319379,0.307686,0.330846,0.102003,0.094671,0.109459,0.000500,71497
1052,IM m=10 mode des m,imputation multiple,moyenne d'item,0.389240,0.377266,0.401268,0.151508,0.142330,0.161016,0.000500,74692
1052,IM m=10 mode des m,imputation multiple,moyenne d'item et de segment 18,0.320274,0.309030,0.331033,0.102575,0.095499,0.109583,0.000500,74692
1052,IM m=10 mode des m,imputation multiple,moyenne d'item et de segment 42,0.330651,0.318774,0.342016,0.109330,0.101617,0.116975,0.000500,71497
1052,B0 mode,aveugle,moyenne d'item,-0.001137,-0.010963,0.008611,0.000001,0.000000,0.000129,0.830000,74692
1052,B0 mode,aveugle,moyenne d'item et de segment 18,0.022243,0.009987,0.034262,0.000495,0.000100,0.001174,0.000500,74692
1052,B0 mode,aveugle,moyenne d'item et de segment 42,0.044815,0.032527,0.057214,0.002008,0.001058,0.003273,0.000500,71497
1052,B1 argmax,statistique,moyenne d'item,0.246544,0.233140,0.259518,0.060784,0.054354,0.067349,0.000500,74692
1052,B1 argmax,statistique,moyenne d'item et de segment 18,0.120520,0.109732,0.131258,0.014525,0.012041,0.017229,0.000500,74692
1052,B1 argmax,statistique,moyenne d'item et de segment 42,0.129519,0.118779,0.140614,0.016775,0.014108,0.019772,0.000500,71497
1052,B2 argmax,statistique,moyenne d'item,0.327953,0.314832,0.341422,0.107553,0.099119,0.116569,0.000500,74692
1052,B2 argmax,statistique,moyenne d'item et de segment 18,0.248152,0.236180,0.260309,0.061579,0.055781,0.067761,0.000500,74692
1052,B2 argmax,statistique,moyenne d'item et de segment 42,0.263016,0.251228,0.275385,0.069177,0.063116,0.075837,0.000500,71497
1052,B3 foret,statistique,moyenne d'item,0.225410,0.213006,0.237805,0.050810,0.045372,0.056551,0.000500,74692
1052,B3 foret,statistique,moyenne d'item et de segment 18,0.107526,0.097701,0.118350,0.011562,0.009545,0.014007,0.000500,74692
1052,B3 foret,statistique,moyenne d'item et de segment 42,0.121004,0.110761,0.132031,0.014642,0.012268,0.017432,0.000500,71497
1052,humains vague 2,plancher,moyenne d'item,0.665821,0.654083,0.677465,0.443317,0.427824,0.458959,0.000500,74692
1052,humains vague 2,plancher,moyenne d'item et de segment 18,0.633486,0.622653,0.644933,0.401304,0.387697,0.415939,0.000500,74692
1052,humains vague 2,plancher,moyenne d'item et de segment 42,0.638368,0.627489,0.649913,0.407513,0.393742,0.422387,0.000500,71497
