bloc,mecanisme,epsilon,rho_zcdp,sigma_bruit,reference,stat,replicat,graine,n,grandeur,erreur_distribution,erreur_groupes,erreur_correlations,moyenne_trois,valeur,bas,haut
replicat,gaussien zCDP (delta=1e-6),eps=1,0.017468904769123432,58.60609524294609,"jumeau (apparie, objet protege par D4)",valeur,0,"[20260913, crc32(eps=1), 0]",2058,trois composantes d'utilite (points),1.8306608357628775,2.1567177343754333,4.565276390420082,2.8508849868527975,,,
replicat,gaussien zCDP (delta=1e-6),eps=1,0.017468904769123432,58.60609524294609,"humains v4 (desapparie, temoin F3)",valeur,0,"[20260913, crc32(eps=1), 0]",2058,trois composantes d'utilite (points),3.948007774538387,2.9029909861143013,9.898090825032474,5.583029861895054,,,
replicat,gaussien zCDP (delta=1e-6),eps=1,0.017468904769123432,58.60609524294609,"jumeau (apparie, objet protege par D4)",valeur,1,"[20260913, crc32(eps=1), 1]",2058,trois composantes d'utilite (points),2.0699708454810497,3.3087592464356135,4.527788496079522,3.3021728626653952,,,
replicat,gaussien zCDP (delta=1e-6),eps=1,0.017468904769123432,58.60609524294609,"humains v4 (desapparie, temoin F3)",valeur,1,"[20260913, crc32(eps=1), 1]",2058,trois composantes d'utilite (points),3.951652089407191,3.1383126508327024,9.792240187429414,5.6274016425564355,,,
replicat,gaussien zCDP (delta=1e-6),eps=1,0.017468904769123432,58.60609524294609,"jumeau (apparie, objet protege par D4)",valeur,2,"[20260913, crc32(eps=1), 2]",2058,trois composantes d'utilite (points),2.1039844509232264,2.8507855227708134,4.683799557199341,3.2128565102977937,,,
replicat,gaussien zCDP (delta=1e-6),eps=1,0.017468904769123432,58.60609524294609,"humains v4 (desapparie, temoin F3)",valeur,2,"[20260913, crc32(eps=1), 2]",2058,trois composantes d'utilite (points),3.973517978620019,2.144329982215353,9.978052779469186,5.365300246768186,,,
replicat,gaussien zCDP (delta=1e-6),eps=1,0.017468904769123432,58.60609524294609,"jumeau (apparie, objet protege par D4)",valeur,3,"[20260913, crc32(eps=1), 3]",2058,trois composantes d'utilite (points),1.9229834791059288,2.886106821586578,4.48547887059576,3.0981897237627556,,,
replicat,gaussien zCDP (delta=1e-6),eps=1,0.017468904769123432,58.60609524294609,"humains v4 (desapparie, temoin F3)",valeur,3,"[20260913, crc32(eps=1), 3]",2058,trois composantes d'utilite (points),4.013605442176869,2.7249195386103726,9.833048387672356,5.523857789486532,,,
replicat,gaussien zCDP (delta=1e-6),eps=1,0.017468904769123432,58.60609524294609,"jumeau (apparie, objet protege par D4)",valeur,4,"[20260913, crc32(eps=1), 4]",2058,trois composantes d'utilite (points),1.6047133138969882,2.924421908210436,4.548813275358361,3.025982832488595,,,
replicat,gaussien zCDP (delta=1e-6),eps=1,0.017468904769123432,58.60609524294609,"humains v4 (desapparie, temoin F3)",valeur,4,"[20260913, crc32(eps=1), 4]",2058,trois composantes d'utilite (points),3.5641399416909616,2.566978737550573,9.832506458535486,5.321208379259007,,,
replicat,gaussien zCDP (delta=1e-6),eps=1,0.017468904769123432,58.60609524294609,"jumeau (apparie, objet protege par D4)",valeur,5,"[20260913, crc32(eps=1), 5]",2058,trois composantes d'utilite (points),2.193877551020409,2.7712989158667356,4.490844085614901,3.1520068508340153,,,
replicat,gaussien zCDP (delta=1e-6),eps=1,0.017468904769123432,58.60609524294609,"humains v4 (desapparie, temoin F3)",valeur,5,"[20260913, crc32(eps=1), 5]",2058,trois composantes d'utilite (points),3.784013605442177,2.7461139265870425,9.81711170599111,5.449079746006777,,,
replicat,gaussien zCDP (delta=1e-6),eps=1,0.017468904769123432,58.60609524294609,"jumeau (apparie, objet protege par D4)",valeur,6,"[20260913, crc32(eps=1), 6]",2058,trois composantes d'utilite (points),1.6581632653061218,2.266633225617143,4.51067963979438,2.8118253769058814,,,
replicat,gaussien zCDP (delta=1e-6),eps=1,0.017468904769123432,58.60609524294609,"humains v4 (desapparie, temoin F3)",valeur,6,"[20260913, crc32(eps=1), 6]",2058,trois composantes d'utilite (points),3.6564625850340122,2.241090050720367,9.791979252482937,5.229843962745772,,,
replicat,gaussien zCDP (delta=1e-6),eps=1,0.017468904769123432,58.60609524294609,"jumeau (apparie, objet protege par D4)",valeur,7,"[20260913, crc32(eps=1), 7]",2058,trois composantes d'utilite (points),1.4698736637512144,2.4750412824212265,4.4679111368935995,2.8042753610220132,,,
replicat,gaussien zCDP (delta=1e-6),eps=1,0.017468904769123432,58.60609524294609,"humains v4 (desapparie, temoin F3)",valeur,7,"[20260913, crc32(eps=1), 7]",2058,trois composantes d'utilite (points),3.728134110787172,2.5302480972939465,9.76324909870128,5.340543768927467,,,
replicat,gaussien zCDP (delta=1e-6),eps=1,0.017468904769123432,58.60609524294609,"jumeau (apparie, objet protege par D4)",valeur,8,"[20260913, crc32(eps=1), 8]",2058,trois composantes d'utilite (points),1.8015063168124394,2.55802587801754,4.602255824545754,2.9872626731252443,,,
replicat,gaussien zCDP (delta=1e-6),eps=1,0.017468904769123432,58.60609524294609,"humains v4 (desapparie, temoin F3)",valeur,8,"[20260913, crc32(eps=1), 8]",2058,trois composantes d'utilite (points),3.6273080660835766,2.424097231911603,9.879433468954641,5.310279588983273,,,
replicat,gaussien zCDP (delta=1e-6),eps=1,0.017468904769123432,58.60609524294609,"jumeau (apparie, objet protege par D4)",valeur,9,"[20260913, crc32(eps=1), 9]",2058,trois composantes d'utilite (points),1.9436345966958213,2.5825840286592534,4.613954369272189,3.0467243315424213,,,
replicat,gaussien zCDP (delta=1e-6),eps=1,0.017468904769123432,58.60609524294609,"humains v4 (desapparie, temoin F3)",valeur,9,"[20260913, crc32(eps=1), 9]",2058,trois composantes d'utilite (points),3.5386297376093276,3.0031970721371946,9.964301968536244,5.502042926094255,,,
resume,gaussien zCDP (delta=1e-6),eps=1,0.017468904769123432,58.60609524294609,"jumeau (apparie, objet protege par D4)",moyenne,10 replicats,"[20260913, crc32(eps=1), 0..9]",2058,trois composantes d'utilite (points),1.8599368318756078,2.678037456396077,4.5496801645773886,3.029218150949691,,,
resume,gaussien zCDP (delta=1e-6),eps=1,0.017468904769123432,58.60609524294609,"jumeau (apparie, objet protege par D4)",ecart_type,10 replicats,"[20260913, crc32(eps=1), 0..9]",2058,trois composantes d'utilite (points),0.23296213978565172,0.340929612423747,0.06782111188258637,0.16990201570812122,,,
resume,gaussien zCDP (delta=1e-6),eps=1,0.017468904769123432,58.60609524294609,"jumeau (apparie, objet protege par D4)",min,10 replicats,"[20260913, crc32(eps=1), 0..9]",2058,trois composantes d'utilite (points),1.4698736637512144,2.1567177343754333,4.4679111368935995,2.8042753610220132,,,
resume,gaussien zCDP (delta=1e-6),eps=1,0.017468904769123432,58.60609524294609,"jumeau (apparie, objet protege par D4)",max,10 replicats,"[20260913, crc32(eps=1), 0..9]",2058,trois composantes d'utilite (points),2.193877551020409,3.3087592464356135,4.683799557199341,3.3021728626653952,,,
resume,gaussien zCDP (delta=1e-6),eps=1,0.017468904769123432,58.60609524294609,"humains v4 (desapparie, temoin F3)",moyenne,10 replicats,"[20260913, crc32(eps=1), 0..9]",2058,trois composantes d'utilite (points),3.7785471331389693,2.6422278273973454,9.855001413280513,5.425258791272276,,,
resume,gaussien zCDP (delta=1e-6),eps=1,0.017468904769123432,58.60609524294609,"humains v4 (desapparie, temoin F3)",ecart_type,10 replicats,"[20260913, crc32(eps=1), 0..9]",2058,trois composantes d'utilite (points),0.18130034073562643,0.32259765715570776,0.07325352668270829,0.131209658020854,,,
resume,gaussien zCDP (delta=1e-6),eps=1,0.017468904769123432,58.60609524294609,"humains v4 (desapparie, temoin F3)",min,10 replicats,"[20260913, crc32(eps=1), 0..9]",2058,trois composantes d'utilite (points),3.5386297376093276,2.144329982215353,9.76324909870128,5.229843962745772,,,
resume,gaussien zCDP (delta=1e-6),eps=1,0.017468904769123432,58.60609524294609,"humains v4 (desapparie, temoin F3)",max,10 replicats,"[20260913, crc32(eps=1), 0..9]",2058,trois composantes d'utilite (points),4.013605442176869,3.1383126508327024,9.978052779469186,5.6274016425564355,,,
replicat,gaussien zCDP (delta=1e-6),eps=3,0.147263890080213,20.184941308109998,"jumeau (apparie, objet protege par D4)",valeur,0,"[20260913, crc32(eps=3), 0]",2058,trois composantes d'utilite (points),1.0677842565597677,2.5534990943513294,4.591326294219964,2.7375365483770207,,,
replicat,gaussien zCDP (delta=1e-6),eps=3,0.147263890080213,20.184941308109998,"humains v4 (desapparie, temoin F3)",valeur,0,"[20260913, crc32(eps=3), 0]",2058,trois composantes d'utilite (points),3.3430515063168134,3.034555487955519,9.953093277925198,5.443566757399178,,,
replicat,gaussien zCDP (delta=1e-6),eps=3,0.147263890080213,20.184941308109998,"jumeau (apparie, objet protege par D4)",valeur,1,"[20260913, crc32(eps=3), 1]",2058,trois composantes d'utilite (points),1.1661807580174928,2.37861239308736,4.629534354973898,2.7247758353595835,,,
replicat,gaussien zCDP (delta=1e-6),eps=3,0.147263890080213,20.184941308109998,"humains v4 (desapparie, temoin F3)",valeur,1,"[20260913, crc32(eps=3), 1]",2058,trois composantes d'utilite (points),3.378279883381923,2.2719591834610133,9.99588272912303,5.215373931988656,,,
replicat,gaussien zCDP (delta=1e-6),eps=3,0.147263890080213,20.184941308109998,"jumeau (apparie, objet protege par D4)",valeur,2,"[20260913, crc32(eps=3), 2]",2058,trois composantes d'utilite (points),1.2342079689018455,1.957378820749109,4.506074965333181,2.5658872516613784,,,
replicat,gaussien zCDP (delta=1e-6),eps=3,0.147263890080213,20.184941308109998,"humains v4 (desapparie, temoin F3)",valeur,2,"[20260913, crc32(eps=3), 2]",2058,trois composantes d'utilite (points),3.2640913508260443,2.390439378291572,9.875896191598416,5.176808973572011,,,
replicat,gaussien zCDP (delta=1e-6),eps=3,0.147263890080213,20.184941308109998,"jumeau (apparie, objet protege par D4)",valeur,3,"[20260913, crc32(eps=3), 3]",2058,trois composantes d'utilite (points),0.9220116618075803,2.954168286755791,4.609993852970359,2.828724600511243,,,
replicat,gaussien zCDP (delta=1e-6),eps=3,0.147263890080213,20.184941308109998,"humains v4 (desapparie, temoin F3)",valeur,3,"[20260913, crc32(eps=3), 3]",2058,trois composantes d'utilite (points),3.0587949465500484,2.5119871816659396,9.955963115620833,5.175581747945607,,,
replicat,gaussien zCDP (delta=1e-6),eps=3,0.147263890080213,20.184941308109998,"jumeau (apparie, objet protege par D4)",valeur,4,"[20260913, crc32(eps=3), 4]",2058,trois composantes d'utilite (points),0.8539844509232267,2.3008106044673293,4.637384423138407,2.597393159509654,,,
replicat,gaussien zCDP (delta=1e-6),eps=3,0.147263890080213,20.184941308109998,"humains v4 (desapparie, temoin F3)",valeur,4,"[20260913, crc32(eps=3), 4]",2058,trois composantes d'utilite (points),3.04178814382896,2.517912790919962,9.993141590234798,5.18428084166124,,,
replicat,gaussien zCDP (delta=1e-6),eps=3,0.147263890080213,20.184941308109998,"jumeau (apparie, objet protege par D4)",valeur,5,"[20260913, crc32(eps=3), 5]",2058,trois composantes d'utilite (points),1.0787172011661808,2.735933111692047,4.562517332556074,2.7923892151381007,,,
replicat,gaussien zCDP (delta=1e-6),eps=3,0.147263890080213,20.184941308109998,"humains v4 (desapparie, temoin F3)",valeur,5,"[20260913, crc32(eps=3), 5]",2058,trois composantes d'utilite (points),3.2543731778425657,2.5335642091139228,9.968662975373336,5.252200120776608,,,
replicat,gaussien zCDP (delta=1e-6),eps=3,0.147263890080213,20.184941308109998,"jumeau (apparie, objet protege par D4)",valeur,6,"[20260913, crc32(eps=3), 6]",2058,trois composantes d'utilite (points),0.9973275024295427,2.875454560355085,4.57473822495538,2.8158400959133356,,,
replicat,gaussien zCDP (delta=1e-6),eps=3,0.147263890080213,20.184941308109998,"humains v4 (desapparie, temoin F3)",valeur,6,"[20260913, crc32(eps=3), 6]",2058,trois composantes d'utilite (points),3.360058309037902,2.6201519097676695,9.90883658212834,5.296348933644637,,,
replicat,gaussien zCDP (delta=1e-6),eps=3,0.147263890080213,20.184941308109998,"jumeau (apparie, objet protege par D4)",valeur,7,"[20260913, crc32(eps=3), 7]",2058,trois composantes d'utilite (points),1.0337706511175904,2.7317471334658516,4.561647095224839,2.7757216266027602,,,
replicat,gaussien zCDP (delta=1e-6),eps=3,0.147263890080213,20.184941308109998,"humains v4 (desapparie, temoin F3)",valeur,7,"[20260913, crc32(eps=3), 7]",2058,trois composantes d'utilite (points),3.4499514091350827,2.42778976063486,9.922472731143692,5.2667379669712115,,,
replicat,gaussien zCDP (delta=1e-6),eps=3,0.147263890080213,20.184941308109998,"jumeau (apparie, objet protege par D4)",valeur,8,"[20260913, crc32(eps=3), 8]",2058,trois composantes d'utilite (points),0.9050048590864928,3.139980988660824,4.725064301730858,2.9233500498260576,,,
replicat,gaussien zCDP (delta=1e-6),eps=3,0.147263890080213,20.184941308109998,"humains v4 (desapparie, temoin F3)",valeur,8,"[20260913, crc32(eps=3), 8]",2058,trois composantes d'utilite (points),3.284742468415938,2.6380912080062475,10.053768716746411,5.325534131056199,,,
replicat,gaussien zCDP (delta=1e-6),eps=3,0.147263890080213,20.184941308109998,"jumeau (apparie, objet protege par D4)",valeur,9,"[20260913, crc32(eps=3), 9]",2058,trois composantes d'utilite (points),1.1285228377065113,2.728826358407317,4.5672286179811925,2.80819260469834,,,
replicat,gaussien zCDP (delta=1e-6),eps=3,0.147263890080213,20.184941308109998,"humains v4 (desapparie, temoin F3)",valeur,9,"[20260913, crc32(eps=3), 9]",2058,trois composantes d'utilite (points),3.199708454810496,3.0470176284698365,9.951738181050803,5.399488088110378,,,
resume,gaussien zCDP (delta=1e-6),eps=3,0.147263890080213,20.184941308109998,"jumeau (apparie, objet protege par D4)",moyenne,10 replicats,"[20260913, crc32(eps=3), 0..9]",2058,trois composantes d'utilite (points),1.038751214771623,2.6356411351992044,4.596550946308416,2.7569810987597476,,,
resume,gaussien zCDP (delta=1e-6),eps=3,0.147263890080213,20.184941308109998,"jumeau (apparie, objet protege par D4)",ecart_type,10 replicats,"[20260913, crc32(eps=3), 0..9]",2058,trois composantes d'utilite (points),0.12126026690191702,0.34741415932398023,0.05904521045437728,0.10745445452810855,,,
resume,gaussien zCDP (delta=1e-6),eps=3,0.147263890080213,20.184941308109998,"jumeau (apparie, objet protege par D4)",min,10 replicats,"[20260913, crc32(eps=3), 0..9]",2058,trois composantes d'utilite (points),0.8539844509232267,1.957378820749109,4.506074965333181,2.5658872516613784,,,
resume,gaussien zCDP (delta=1e-6),eps=3,0.147263890080213,20.184941308109998,"jumeau (apparie, objet protege par D4)",max,10 replicats,"[20260913, crc32(eps=3), 0..9]",2058,trois composantes d'utilite (points),1.2342079689018455,3.139980988660824,4.725064301730858,2.9233500498260576,,,
resume,gaussien zCDP (delta=1e-6),eps=3,0.147263890080213,20.184941308109998,"humains v4 (desapparie, temoin F3)",moyenne,10 replicats,"[20260913, crc32(eps=3), 0..9]",2058,trois composantes d'utilite (points),3.263483965014577,2.5993468738286545,9.957945609094484,5.273592149312574,,,
resume,gaussien zCDP (delta=1e-6),eps=3,0.147263890080213,20.184941308109998,"humains v4 (desapparie, temoin F3)",ecart_type,10 replicats,"[20260913, crc32(eps=3), 0..9]",2058,trois composantes d'utilite (points),0.13302257727471448,0.2561677151478561,0.04993668005774008,0.09357141454901194,,,
resume,gaussien zCDP (delta=1e-6),eps=3,0.147263890080213,20.184941308109998,"humains v4 (desapparie, temoin F3)",min,10 replicats,"[20260913, crc32(eps=3), 0..9]",2058,trois composantes d'utilite (points),3.04178814382896,2.2719591834610133,9.875896191598416,5.175581747945607,,,
resume,gaussien zCDP (delta=1e-6),eps=3,0.147263890080213,20.184941308109998,"humains v4 (desapparie, temoin F3)",max,10 replicats,"[20260913, crc32(eps=3), 0..9]",2058,trois composantes d'utilite (points),3.4499514091350827,3.0470176284698365,10.053768716746411,5.443566757399178,,,
replicat,gaussien zCDP (delta=1e-6),eps=10,1.3530146901688735,6.6592354309644985,"jumeau (apparie, objet protege par D4)",valeur,0,"[20260913, crc32(eps=10), 0]",2058,trois composantes d'utilite (points),0.9572400388726917,2.9273879473651543,4.5705060880894495,2.818378024775765,,,
replicat,gaussien zCDP (delta=1e-6),eps=10,1.3530146901688735,6.6592354309644985,"humains v4 (desapparie, temoin F3)",valeur,0,"[20260913, crc32(eps=10), 0]",2058,trois composantes d'utilite (points),3.4365889212827994,2.726327399220156,9.923370728575724,5.362095683026226,,,
replicat,gaussien zCDP (delta=1e-6),eps=10,1.3530146901688735,6.6592354309644985,"jumeau (apparie, objet protege par D4)",valeur,1,"[20260913, crc32(eps=10), 1]",2058,trois composantes d'utilite (points),0.8296890184645287,3.1894972056153867,4.518875320736108,2.8460205149386746,,,
replicat,gaussien zCDP (delta=1e-6),eps=10,1.3530146901688735,6.6592354309644985,"humains v4 (desapparie, temoin F3)",valeur,1,"[20260913, crc32(eps=10), 1]",2058,trois composantes d'utilite (points),3.102526724975705,2.569589139760552,9.918803724225025,5.196973196320427,,,
replicat,gaussien zCDP (delta=1e-6),eps=10,1.3530146901688735,6.6592354309644985,"jumeau (apparie, objet protege par D4)",valeur,2,"[20260913, crc32(eps=10), 2]",2058,trois composantes d'utilite (points),0.9681729834791073,3.0488221810993883,4.540772585132082,2.852589249903526,,,
replicat,gaussien zCDP (delta=1e-6),eps=10,1.3530146901688735,6.6592354309644985,"humains v4 (desapparie, temoin F3)",valeur,2,"[20260913, crc32(eps=10), 2]",2058,trois composantes d'utilite (points),3.3746355685131193,2.5347444144237277,9.832921254368687,5.247433745768511,,,
replicat,gaussien zCDP (delta=1e-6),eps=10,1.3530146901688735,6.6592354309644985,"jumeau (apparie, objet protege par D4)",valeur,3,"[20260913, crc32(eps=10), 3]",2058,trois composantes d'utilite (points),0.9681729834791061,2.8674729561125782,4.448803897996134,2.7614832791959394,,,
replicat,gaussien zCDP (delta=1e-6),eps=10,1.3530146901688735,6.6592354309644985,"humains v4 (desapparie, temoin F3)",valeur,3,"[20260913, crc32(eps=10), 3]",2058,trois composantes d'utilite (points),3.5471331389698735,2.3209758075129816,9.794578857747457,5.220895934743438,,,
replicat,gaussien zCDP (delta=1e-6),eps=10,1.3530146901688735,6.6592354309644985,"jumeau (apparie, objet protege par D4)",valeur,4,"[20260913, crc32(eps=10), 4]",2058,trois composantes d'utilite (points),0.9693877551020408,2.643229983958322,4.365191401274792,2.659269713445052,,,
replicat,gaussien zCDP (delta=1e-6),eps=10,1.3530146901688735,6.6592354309644985,"humains v4 (desapparie, temoin F3)",valeur,4,"[20260913, crc32(eps=10), 4]",2058,trois composantes d'utilite (points),3.1256073858114672,2.427528849878046,9.675347479021266,5.076161238236926,,,
replicat,gaussien zCDP (delta=1e-6),eps=10,1.3530146901688735,6.6592354309644985,"jumeau (apparie, objet protege par D4)",valeur,5,"[20260913, crc32(eps=10), 5]",2058,trois composantes d'utilite (points),0.7701652089407198,2.6069493041286353,4.618917660825721,2.6653440579650254,,,
replicat,gaussien zCDP (delta=1e-6),eps=10,1.3530146901688735,6.6592354309644985,"humains v4 (desapparie, temoin F3)",valeur,5,"[20260913, crc32(eps=10), 5]",2058,trois composantes d'utilite (points),3.2106413994169096,2.7565573706581756,9.984411557097049,5.317203442390711,,,
replicat,gaussien zCDP (delta=1e-6),eps=10,1.3530146901688735,6.6592354309644985,"jumeau (apparie, objet protege par D4)",valeur,6,"[20260913, crc32(eps=10), 6]",2058,trois composantes d'utilite (points),0.8442662779397471,2.4835362832106602,4.612230920155371,2.646677827101926,,,
replicat,gaussien zCDP (delta=1e-6),eps=10,1.3530146901688735,6.6592354309644985,"humains v4 (desapparie, temoin F3)",valeur,6,"[20260913, crc32(eps=10), 6]",2058,trois composantes d'utilite (points),3.304178814382895,2.4294016930033124,9.964901862122739,5.232827456502982,,,
replicat,gaussien zCDP (delta=1e-6),eps=10,1.3530146901688735,6.6592354309644985,"jumeau (apparie, objet protege par D4)",valeur,7,"[20260913, crc32(eps=10), 7]",2058,trois composantes d'utilite (points),0.8807094266277926,2.519082800198294,4.499005905425664,2.6329327107505835,,,
replicat,gaussien zCDP (delta=1e-6),eps=10,1.3530146901688735,6.6592354309644985,"humains v4 (desapparie, temoin F3)",valeur,7,"[20260913, crc32(eps=10), 7]",2058,trois composantes d'utilite (points),3.0952380952380936,2.0566448129825656,9.87034704123696,5.007409983152539,,,
replicat,gaussien zCDP (delta=1e-6),eps=10,1.3530146901688735,6.6592354309644985,"jumeau (apparie, objet protege par D4)",valeur,8,"[20260913, crc32(eps=10), 8]",2058,trois composantes d'utilite (points),0.8649173955296399,2.808097113273338,4.617582727346786,2.7635324120499214,,,
replicat,gaussien zCDP (delta=1e-6),eps=10,1.3530146901688735,6.6592354309644985,"humains v4 (desapparie, temoin F3)",valeur,8,"[20260913, crc32(eps=10), 8]",2058,trois composantes d'utilite (points),3.283527696793002,2.7690089507793023,9.943209940257674,5.331915529276659,,,
replicat,gaussien zCDP (delta=1e-6),eps=10,1.3530146901688735,6.6592354309644985,"jumeau (apparie, objet protege par D4)",valeur,9,"[20260913, crc32(eps=10), 9]",2058,trois composantes d'utilite (points),0.8284742468415925,2.782247285645098,4.6903669740072855,2.7670295021646587,,,
replicat,gaussien zCDP (delta=1e-6),eps=10,1.3530146901688735,6.6592354309644985,"humains v4 (desapparie, temoin F3)",valeur,9,"[20260913, crc32(eps=10), 9]",2058,trois composantes d'utilite (points),3.295675413022351,2.9148966367998943,9.962164739973648,5.390912263265297,,,
resume,gaussien zCDP (delta=1e-6),eps=10,1.3530146901688735,6.6592354309644985,"jumeau (apparie, objet protege par D4)",moyenne,10 replicats,"[20260913, crc32(eps=10), 0..9]",2058,trois composantes d'utilite (points),0.8881195335276966,2.7876323060606856,4.548225348098939,2.741325729229107,,,
resume,gaussien zCDP (delta=1e-6),eps=10,1.3530146901688735,6.6592354309644985,"jumeau (apparie, objet protege par D4)",ecart_type,10 replicats,"[20260913, crc32(eps=10), 0..9]",2058,trois composantes d'utilite (points),0.07272516201887566,0.22953119608864897,0.09506185549369124,0.08436129239351597,,,
resume,gaussien zCDP (delta=1e-6),eps=10,1.3530146901688735,6.6592354309644985,"jumeau (apparie, objet protege par D4)",min,10 replicats,"[20260913, crc32(eps=10), 0..9]",2058,trois composantes d'utilite (points),0.7701652089407198,2.4835362832106602,4.365191401274792,2.6329327107505835,,,
resume,gaussien zCDP (delta=1e-6),eps=10,1.3530146901688735,6.6592354309644985,"jumeau (apparie, objet protege par D4)",max,10 replicats,"[20260913, crc32(eps=10), 0..9]",2058,trois composantes d'utilite (points),0.9693877551020408,3.1894972056153867,4.6903669740072855,2.852589249903526,,,
resume,gaussien zCDP (delta=1e-6),eps=10,1.3530146901688735,6.6592354309644985,"humains v4 (desapparie, temoin F3)",moyenne,10 replicats,"[20260913, crc32(eps=10), 0..9]",2058,trois composantes d'utilite (points),3.277575315840622,2.5505675075018712,9.887005718462623,5.238382847268372,,,
resume,gaussien zCDP (delta=1e-6),eps=10,1.3530146901688735,6.6592354309644985,"humains v4 (desapparie, temoin F3)",ecart_type,10 replicats,"[20260913, crc32(eps=10), 0..9]",2058,trois composantes d'utilite (points),0.1490344859317393,0.25405152088207855,0.09617206944879801,0.1226235359504127,,,
resume,gaussien zCDP (delta=1e-6),eps=10,1.3530146901688735,6.6592354309644985,"humains v4 (desapparie, temoin F3)",min,10 replicats,"[20260913, crc32(eps=10), 0..9]",2058,trois composantes d'utilite (points),3.0952380952380936,2.0566448129825656,9.675347479021266,5.007409983152539,,,
resume,gaussien zCDP (delta=1e-6),eps=10,1.3530146901688735,6.6592354309644985,"humains v4 (desapparie, temoin F3)",max,10 replicats,"[20260913, crc32(eps=10), 0..9]",2058,trois composantes d'utilite (points),3.5471331389698735,2.9148966367998943,9.984411557097049,5.390912263265297,,,
replicat,gaussien zCDP (delta=1e-6),"eps=infini (temoin, aucun bruit)",inf,0.0,"jumeau (apparie, objet protege par D4)",valeur,0,"[20260913, crc32(eps=infini (temoin, aucun bruit)), 0]",2058,trois composantes d'utilite (points),0.8661321671525757,2.671903053889524,4.584942119406004,2.7076591134827015,,,
replicat,gaussien zCDP (delta=1e-6),"eps=infini (temoin, aucun bruit)",inf,0.0,"humains v4 (desapparie, temoin F3)",valeur,0,"[20260913, crc32(eps=infini (temoin, aucun bruit)), 0]",2058,trois composantes d'utilite (points),3.1778425655976674,2.545781758996738,9.915461151115439,5.213028491903281,,,
replicat,gaussien zCDP (delta=1e-6),"eps=infini (temoin, aucun bruit)",inf,0.0,"jumeau (apparie, objet protege par D4)",valeur,1,"[20260913, crc32(eps=infini (temoin, aucun bruit)), 1]",2058,trois composantes d'utilite (points),0.7847424684159379,2.2511259467552427,4.498026872177199,2.5112984291161267,,,
replicat,gaussien zCDP (delta=1e-6),"eps=infini (temoin, aucun bruit)",inf,0.0,"humains v4 (desapparie, temoin F3)",valeur,1,"[20260913, crc32(eps=infini (temoin, aucun bruit)), 1]",2058,trois composantes d'utilite (points),3.0770165208940714,2.4362206715566743,9.804935082576986,5.106057425009244,,,
replicat,gaussien zCDP (delta=1e-6),"eps=infini (temoin, aucun bruit)",inf,0.0,"jumeau (apparie, objet protege par D4)",valeur,2,"[20260913, crc32(eps=infini (temoin, aucun bruit)), 2]",2058,trois composantes d'utilite (points),0.7798833819241983,2.8958762591862466,4.474561648570618,2.716773763227021,,,
replicat,gaussien zCDP (delta=1e-6),"eps=infini (temoin, aucun bruit)",inf,0.0,"humains v4 (desapparie, temoin F3)",valeur,2,"[20260913, crc32(eps=infini (temoin, aucun bruit)), 2]",2058,trois composantes d'utilite (points),3.183916423712342,2.9308963013375773,9.775481018524072,5.29676458119133,,,
replicat,gaussien zCDP (delta=1e-6),"eps=infini (temoin, aucun bruit)",inf,0.0,"jumeau (apparie, objet protege par D4)",valeur,3,"[20260913, crc32(eps=infini (temoin, aucun bruit)), 3]",2058,trois composantes d'utilite (points),0.8066083576287655,2.849902472849299,4.382800967675487,2.679770599384517,,,
replicat,gaussien zCDP (delta=1e-6),"eps=infini (temoin, aucun bruit)",inf,0.0,"humains v4 (desapparie, temoin F3)",valeur,3,"[20260913, crc32(eps=infini (temoin, aucun bruit)), 3]",2058,trois composantes d'utilite (points),3.30539358600583,2.6656945773427596,9.75562862813066,5.242238930493083,,,
replicat,gaussien zCDP (delta=1e-6),"eps=infini (temoin, aucun bruit)",inf,0.0,"jumeau (apparie, objet protege par D4)",valeur,4,"[20260913, crc32(eps=infini (temoin, aucun bruit)), 4]",2058,trois composantes d'utilite (points),0.97667638483965,2.9621992210923644,4.437817364617135,2.7922309901830498,,,
replicat,gaussien zCDP (delta=1e-6),"eps=infini (temoin, aucun bruit)",inf,0.0,"humains v4 (desapparie, temoin F3)",valeur,4,"[20260913, crc32(eps=infini (temoin, aucun bruit)), 4]",2058,trois composantes d'utilite (points),3.4365889212827976,2.963460294147155,9.711671042396631,5.3705734192755274,,,
replicat,gaussien zCDP (delta=1e-6),"eps=infini (temoin, aucun bruit)",inf,0.0,"jumeau (apparie, objet protege par D4)",valeur,5,"[20260913, crc32(eps=infini (temoin, aucun bruit)), 5]",2058,trois composantes d'utilite (points),0.9669582118561701,2.6336402437987094,4.530145776680459,2.710248077445113,,,
replicat,gaussien zCDP (delta=1e-6),"eps=infini (temoin, aucun bruit)",inf,0.0,"humains v4 (desapparie, temoin F3)",valeur,5,"[20260913, crc32(eps=infini (temoin, aucun bruit)), 5]",2058,trois composantes d'utilite (points),3.3369776482021383,2.7060725880233485,9.829114083738336,5.290721439987941,,,
replicat,gaussien zCDP (delta=1e-6),"eps=infini (temoin, aucun bruit)",inf,0.0,"jumeau (apparie, objet protege par D4)",valeur,6,"[20260913, crc32(eps=infini (temoin, aucun bruit)), 6]",2058,trois composantes d'utilite (points),0.9086491739552967,2.143579518368303,4.3999775829183525,2.4840687584139842,,,
replicat,gaussien zCDP (delta=1e-6),"eps=infini (temoin, aucun bruit)",inf,0.0,"humains v4 (desapparie, temoin F3)",valeur,6,"[20260913, crc32(eps=infini (temoin, aucun bruit)), 6]",2058,trois composantes d'utilite (points),3.402575315840621,1.9186463357960628,9.649694338151358,4.990305329929347,,,
replicat,gaussien zCDP (delta=1e-6),"eps=infini (temoin, aucun bruit)",inf,0.0,"jumeau (apparie, objet protege par D4)",valeur,7,"[20260913, crc32(eps=infini (temoin, aucun bruit)), 7]",2058,trois composantes d'utilite (points),0.8879980563654044,2.2170025014354215,4.512079989604961,2.539026849135262,,,
replicat,gaussien zCDP (delta=1e-6),"eps=infini (temoin, aucun bruit)",inf,0.0,"humains v4 (desapparie, temoin F3)",valeur,7,"[20260913, crc32(eps=infini (temoin, aucun bruit)), 7]",2058,trois composantes d'utilite (points),3.289601554907677,2.845881043924602,9.857001087266829,5.33082789536637,,,
replicat,gaussien zCDP (delta=1e-6),"eps=infini (temoin, aucun bruit)",inf,0.0,"jumeau (apparie, objet protege par D4)",valeur,8,"[20260913, crc32(eps=infini (temoin, aucun bruit)), 8]",2058,trois composantes d'utilite (points),0.8309037900874625,3.1989324151666985,4.526928720830595,2.8522549753615856,,,
replicat,gaussien zCDP (delta=1e-6),"eps=infini (temoin, aucun bruit)",inf,0.0,"humains v4 (desapparie, temoin F3)",valeur,8,"[20260913, crc32(eps=infini (temoin, aucun bruit)), 8]",2058,trois composantes d'utilite (points),2.9458211856171035,2.872851983299458,9.816342738601115,5.211671969172559,,,
replicat,gaussien zCDP (delta=1e-6),"eps=infini (temoin, aucun bruit)",inf,0.0,"jumeau (apparie, objet protege par D4)",valeur,9,"[20260913, crc32(eps=infini (temoin, aucun bruit)), 9]",2058,trois composantes d'utilite (points),0.9584548104956273,2.542003200513052,4.5982579625315845,2.699571991180088,,,
replicat,gaussien zCDP (delta=1e-6),"eps=infini (temoin, aucun bruit)",inf,0.0,"humains v4 (desapparie, temoin F3)",valeur,9,"[20260913, crc32(eps=infini (temoin, aucun bruit)), 9]",2058,trois composantes d'utilite (points),3.197278911564626,2.6566529512858974,9.862596963555628,5.238842942135384,,,
resume,gaussien zCDP (delta=1e-6),"eps=infini (temoin, aucun bruit)",inf,0.0,"jumeau (apparie, objet protege par D4)",moyenne,10 replicats,"[20260913, crc32(eps=infini (temoin, aucun bruit)), 0..9]",2058,trois composantes d'utilite (points),0.8767006802721088,2.6366164833054855,4.49455390050124,2.669290354692945,,,
resume,gaussien zCDP (delta=1e-6),"eps=infini (temoin, aucun bruit)",inf,0.0,"jumeau (apparie, objet protege par D4)",ecart_type,10 replicats,"[20260913, crc32(eps=infini (temoin, aucun bruit)), 0..9]",2058,trois composantes d'utilite (points),0.07522227992652455,0.3516437339736259,0.07196513125990625,0.12076547761589758,,,
resume,gaussien zCDP (delta=1e-6),"eps=infini (temoin, aucun bruit)",inf,0.0,"jumeau (apparie, objet protege par D4)",min,10 replicats,"[20260913, crc32(eps=infini (temoin, aucun bruit)), 0..9]",2058,trois composantes d'utilite (points),0.7798833819241983,2.143579518368303,4.382800967675487,2.4840687584139842,,,
resume,gaussien zCDP (delta=1e-6),"eps=infini (temoin, aucun bruit)",inf,0.0,"jumeau (apparie, objet protege par D4)",max,10 replicats,"[20260913, crc32(eps=infini (temoin, aucun bruit)), 0..9]",2058,trois composantes d'utilite (points),0.97667638483965,3.1989324151666985,4.5982579625315845,2.8522549753615856,,,
resume,gaussien zCDP (delta=1e-6),"eps=infini (temoin, aucun bruit)",inf,0.0,"humains v4 (desapparie, temoin F3)",moyenne,10 replicats,"[20260913, crc32(eps=infini (temoin, aucun bruit)), 0..9]",2058,trois composantes d'utilite (points),3.235301263362488,2.6542158505710276,9.797792613405708,5.229103242446406,,,
resume,gaussien zCDP (delta=1e-6),"eps=infini (temoin, aucun bruit)",inf,0.0,"humains v4 (desapparie, temoin F3)",ecart_type,10 replicats,"[20260913, crc32(eps=infini (temoin, aucun bruit)), 0..9]",2058,trois composantes d'utilite (points),0.15016185730134285,0.30910096980319995,0.07785522283437374,0.11142059760082247,,,
resume,gaussien zCDP (delta=1e-6),"eps=infini (temoin, aucun bruit)",inf,0.0,"humains v4 (desapparie, temoin F3)",min,10 replicats,"[20260913, crc32(eps=infini (temoin, aucun bruit)), 0..9]",2058,trois composantes d'utilite (points),2.9458211856171035,1.9186463357960628,9.649694338151358,4.990305329929347,,,
resume,gaussien zCDP (delta=1e-6),"eps=infini (temoin, aucun bruit)",inf,0.0,"humains v4 (desapparie, temoin F3)",max,10 replicats,"[20260913, crc32(eps=infini (temoin, aucun bruit)), 0..9]",2058,trois composantes d'utilite (points),3.4365889212827976,2.963460294147155,9.915461151115439,5.3705734192755274,,,
contribution_marginale_budget,gaussien zCDP (delta=1e-6),eps=1,0.017468904769123432,58.60609524294609,"jumeau (apparie, objet protege par D4)",moyenne (min ; max) sur replicats apparies,10 replicats apparies,"[20260913, crc32(...), 0..9]",2058,"contribution marginale du budget, composante distribution (points)",,,,,0.9832361516034988,0.58187560738581,1.324101068999028
contribution_marginale_budget,gaussien zCDP (delta=1e-6),eps=1,0.017468904769123432,58.60609524294609,"jumeau (apparie, objet protege par D4)",moyenne (min ; max) sur replicats apparies,10 replicats apparies,"[20260913, crc32(...), 0..9]",2058,"contribution marginale du budget, composante groupes (points)",,,,,0.04142097309059114,-0.6409065371491587,1.0576332996803708
contribution_marginale_budget,gaussien zCDP (delta=1e-6),eps=1,0.017468904769123432,58.60609524294609,"jumeau (apparie, objet protege par D4)",moyenne (min ; max) sur replicats apparies,10 replicats apparies,"[20260913, crc32(...), 0..9]",2058,"contribution marginale du budget, composante correlations (points)",,,,,0.05512626407614949,-0.04416885271136106,0.20923790862872327
contribution_marginale_budget,gaussien zCDP (delta=1e-6),eps=1,0.017468904769123432,58.60609524294609,"jumeau (apparie, objet protege par D4)",moyenne (min ; max) sur replicats apparies,10 replicats apparies,"[20260913, crc32(...), 0..9]",2058,"contribution marginale du budget, composante moyenne_trois (points)",,,,,0.35992779625674637,0.13500769776365873,0.7908744335492686
contribution_marginale_budget,gaussien zCDP (delta=1e-6),eps=3,0.147263890080213,20.184941308109998,"jumeau (apparie, objet protege par D4)",moyenne (min ; max) sur replicats apparies,10 replicats apparies,"[20260913, crc32(...), 0..9]",2058,"contribution marginale du budget, composante distribution (points)",,,,,0.16205053449951423,-0.1226919339164233,0.4543245869776472
contribution_marginale_budget,gaussien zCDP (delta=1e-6),eps=3,0.147263890080213,20.184941308109998,"jumeau (apparie, objet protege par D4)",moyenne (min ; max) sur replicats apparies,10 replicats apparies,"[20260913, crc32(...), 0..9]",2058,"contribution marginale du budget, composante groupes (points)",,,,,-0.000975348106281837,-0.9384974384371376,0.7318750419867821
contribution_marginale_budget,gaussien zCDP (delta=1e-6),eps=3,0.147263890080213,20.184941308109998,"jumeau (apparie, objet protege par D4)",moyenne (min ; max) sur replicats apparies,10 replicats apparies,"[20260913, crc32(...), 0..9]",2058,"contribution marginale du budget, composante correlations (points)",,,,,0.1019970458071758,-0.03102934455039197,0.2271928852948717
contribution_marginale_budget,gaussien zCDP (delta=1e-6),eps=3,0.147263890080213,20.184941308109998,"jumeau (apparie, objet protege par D4)",moyenne (min ; max) sur replicats apparies,10 replicats apparies,"[20260913, crc32(...), 0..9]",2058,"contribution marginale du budget, composante moyenne_trois (points)",,,,,0.08769074406680252,-0.19483783067339555,0.3317713374993514
contribution_marginale_budget,gaussien zCDP (delta=1e-6),eps=10,1.3530146901688735,6.6592354309644985,"jumeau (apparie, objet protege par D4)",moyenne (min ; max) sur replicats apparies,10 replicats apparies,"[20260913, crc32(...), 0..9]",2058,"contribution marginale du budget, composante distribution (points)",,,,,0.011418853255587813,-0.19679300291545032,0.18828960155490904
contribution_marginale_budget,gaussien zCDP (delta=1e-6),eps=10,1.3530146901688735,6.6592354309644985,"jumeau (apparie, objet protege par D4)",moyenne (min ; max) sur replicats apparies,10 replicats apparies,"[20260913, crc32(...), 0..9]",2058,"contribution marginale du budget, composante groupes (points)",,,,,0.15101582275519942,-0.3908353018933606,0.938371258860144
contribution_marginale_budget,gaussien zCDP (delta=1e-6),eps=10,1.3530146901688735,6.6592354309644985,"jumeau (apparie, objet protege par D4)",moyenne (min ; max) sur replicats apparies,10 replicats apparies,"[20260913, crc32(...), 0..9]",2058,"contribution marginale du budget, composante correlations (points)",,,,,0.05367144759769991,-0.07262596334234228,0.21225333723701834
contribution_marginale_budget,gaussien zCDP (delta=1e-6),eps=10,1.3530146901688735,6.6592354309644985,"jumeau (apparie, objet protege par D4)",moyenne (min ; max) sur replicats apparies,10 replicats apparies,"[20260913, crc32(...), 0..9]",2058,"contribution marginale du budget, composante moyenne_trois (points)",,,,,0.07203537453616234,-0.13296127673799774,0.3347220858225479
reference,SANS OBJET (grandeur du jumeau),SANS OBJET,,,jumeau non protege,valeur,deterministe,SANS OBJET (deterministe),2058,plancher de destruction des correlations : |corr| moyenne sur les 780 paires des 40 items d'achat du jumeau (points). Tout mecanisme qui detruit toute correlation obtient cette note.,,,,,4.317365833832603,,
reference,SANS OBJET (ecart entre references),SANS OBJET,,,humains v4 contre jumeau,valeur,deterministe,SANS OBJET (deterministe),2058,"ecart humains<->jumeau, composante distribution (points) : la facture que le desappariement de c7_dp.py imputait a la DP",,,,,3.1183187560738577,,
reference,SANS OBJET (ecart entre references),SANS OBJET,,,humains v4 contre jumeau,valeur,deterministe,SANS OBJET (deterministe),2058,"ecart humains<->jumeau, composante groupes (points) : la facture que le desappariement de c7_dp.py imputait a la DP",,,,,2.173397037035606,,
reference,SANS OBJET (ecart entre references),SANS OBJET,,,humains v4 contre jumeau,valeur,deterministe,SANS OBJET (deterministe),2058,"ecart humains<->jumeau, composante correlations (points) : la facture que le desappariement de c7_dp.py imputait a la DP",,,,,5.7754464636422895,,
mecanisme,gaussien zCDP vs Laplace composition basique,eps=1,0.017468904769123432,58.60609524294609,SANS OBJET (grandeur analytique),valeur,deterministe (formule fermee),SANS OBJET (deterministe),2058,ecart-type du bruit par case : gaussien zCDP 58.606 contre Laplace effectif de analyses/c7_dp.py 169.706 ; valeur portee = le rapport (fois moins de bruit au meme eps),,,,,2.8956992746449424,,
mecanisme,gaussien zCDP vs Laplace composition basique,eps=3,0.147263890080213,20.184941308109998,SANS OBJET (grandeur analytique),valeur,deterministe (formule fermee),SANS OBJET (deterministe),2058,ecart-type du bruit par case : gaussien zCDP 20.185 contre Laplace effectif de analyses/c7_dp.py 56.569 ; valeur portee = le rapport (fois moins de bruit au meme eps),,,,,2.802512111947308,,
mecanisme,gaussien zCDP vs Laplace composition basique,eps=10,1.3530146901688735,6.6592354309644985,SANS OBJET (grandeur analytique),valeur,deterministe (formule fermee),SANS OBJET (deterministe),2058,ecart-type du bruit par case : gaussien zCDP 6.659 contre Laplace effectif de analyses/c7_dp.py 16.971 ; valeur portee = le rapport (fois moins de bruit au meme eps),,,,,2.5484251044146053,,
risque,gaussien zCDP (delta=1e-6),eps=1,0.017468904769123432,58.60609524294609,pool des 2058 humains vague 4,valeur,0,"[20260913, crc32(eps=1), 0]",2058,"top-1 monde ferme du jeu synthetique DP, en pourcent",,,,,0.16763848396501457,0.019375607385811473,0.35714285714285715
risque,gaussien zCDP (delta=1e-6),eps=1,0.017468904769123432,58.60609524294609,pool des 2058 humains vague 4,valeur,1,"[20260913, crc32(eps=1), 1]",2058,"top-1 monde ferme du jeu synthetique DP, en pourcent",,,,,0.048590864917395525,0.0,0.13119533527696794
risque,gaussien zCDP (delta=1e-6),eps=1,0.017468904769123432,58.60609524294609,pool des 2058 humains vague 4,valeur,2,"[20260913, crc32(eps=1), 2]",2058,"top-1 monde ferme du jeu synthetique DP, en pourcent",,,,,0.10689990281827015,0.019436345966958212,0.22594752186588918
risque,gaussien zCDP (delta=1e-6),eps=1,0.017468904769123432,58.60609524294609,pool des 2058 humains vague 4,valeur,3,"[20260913, crc32(eps=1), 3]",2058,"top-1 monde ferme du jeu synthetique DP, en pourcent",,,,,0.11904761904761905,0.007288629737609329,0.2793974732750243
risque,gaussien zCDP (delta=1e-6),eps=1,0.017468904769123432,58.60609524294609,pool des 2058 humains vague 4,valeur,4,"[20260913, crc32(eps=1), 4]",2058,"top-1 monde ferme du jeu synthetique DP, en pourcent",,,,,0.09718172983479105,0.0,0.24295432458697766
risque,gaussien zCDP (delta=1e-6),eps=1,0.017468904769123432,58.60609524294609,pool des 2058 humains vague 4,valeur,5,"[20260913, crc32(eps=1), 5]",2058,"top-1 monde ferme du jeu synthetique DP, en pourcent",,,,,0.10932944606413994,0.0,0.24538386783284744
risque,gaussien zCDP (delta=1e-6),eps=1,0.017468904769123432,58.60609524294609,pool des 2058 humains vague 4,valeur,6,"[20260913, crc32(eps=1), 6]",2058,"top-1 monde ferme du jeu synthetique DP, en pourcent",,,,,0.048590864917395525,0.0,0.1457725947521866
risque,gaussien zCDP (delta=1e-6),eps=1,0.017468904769123432,58.60609524294609,pool des 2058 humains vague 4,valeur,7,"[20260913, crc32(eps=1), 7]",2058,"top-1 monde ferme du jeu synthetique DP, en pourcent",,,,,0.0,0.0,0.0
risque,gaussien zCDP (delta=1e-6),eps=1,0.017468904769123432,58.60609524294609,pool des 2058 humains vague 4,valeur,8,"[20260913, crc32(eps=1), 8]",2058,"top-1 monde ferme du jeu synthetique DP, en pourcent",,,,,0.048590864917395525,0.0,0.1457725947521866
risque,gaussien zCDP (delta=1e-6),eps=1,0.017468904769123432,58.60609524294609,pool des 2058 humains vague 4,valeur,9,"[20260913, crc32(eps=1), 9]",2058,"top-1 monde ferme du jeu synthetique DP, en pourcent",,,,,0.048590864917395525,0.0,0.1457725947521866
risque,gaussien zCDP (delta=1e-6),eps=1,0.017468904769123432,58.60609524294609,pool des 2058 humains vague 4,moyenne sur replicats ; bornes = min du bas et max du haut,10 replicats,"[20260913, crc32(eps=1), 0..9]",2058,"top-1 monde ferme du jeu synthetique DP, en pourcent",,,,,0.07944606413994168,0.0,0.35714285714285715
risque,gaussien zCDP (delta=1e-6),eps=3,0.147263890080213,20.184941308109998,pool des 2058 humains vague 4,valeur,0,"[20260913, crc32(eps=3), 0]",2058,"top-1 monde ferme du jeu synthetique DP, en pourcent",,,,,0.043731778425655975,0.0,0.10689990281827018
risque,gaussien zCDP (delta=1e-6),eps=3,0.147263890080213,20.184941308109998,pool des 2058 humains vague 4,valeur,1,"[20260913, crc32(eps=3), 1]",2058,"top-1 monde ferme du jeu synthetique DP, en pourcent",,,,,0.08017492711370262,0.0,0.20894071914480078
risque,gaussien zCDP (delta=1e-6),eps=3,0.147263890080213,20.184941308109998,pool des 2058 humains vague 4,valeur,2,"[20260913, crc32(eps=3), 2]",2058,"top-1 monde ferme du jeu synthetique DP, en pourcent",,,,,0.07045675413022351,0.0,0.18950437317784258
risque,gaussien zCDP (delta=1e-6),eps=3,0.147263890080213,20.184941308109998,pool des 2058 humains vague 4,valeur,3,"[20260913, crc32(eps=3), 3]",2058,"top-1 monde ferme du jeu synthetique DP, en pourcent",,,,,0.12390670553935859,0.019436345966958212,0.2696793002915452
risque,gaussien zCDP (delta=1e-6),eps=3,0.147263890080213,20.184941308109998,pool des 2058 humains vague 4,valeur,4,"[20260913, crc32(eps=3), 4]",2058,"top-1 monde ferme du jeu synthetique DP, en pourcent",,,,,0.004859086491739553,0.0,0.014577259475218662
risque,gaussien zCDP (delta=1e-6),eps=3,0.147263890080213,20.184941308109998,pool des 2058 humains vague 4,valeur,5,"[20260913, crc32(eps=3), 5]",2058,"top-1 monde ferme du jeu synthetique DP, en pourcent",,,,,0.1457725947521866,0.038872691933916424,0.28668610301263364
risque,gaussien zCDP (delta=1e-6),eps=3,0.147263890080213,20.184941308109998,pool des 2058 humains vague 4,valeur,6,"[20260913, crc32(eps=3), 6]",2058,"top-1 monde ferme du jeu synthetique DP, en pourcent",,,,,0.0,0.0,0.0
risque,gaussien zCDP (delta=1e-6),eps=3,0.147263890080213,20.184941308109998,pool des 2058 humains vague 4,valeur,7,"[20260913, crc32(eps=3), 7]",2058,"top-1 monde ferme du jeu synthetique DP, en pourcent",,,,,0.034013605442176874,0.0,0.09475218658892129
risque,gaussien zCDP (delta=1e-6),eps=3,0.147263890080213,20.184941308109998,pool des 2058 humains vague 4,valeur,8,"[20260913, crc32(eps=3), 8]",2058,"top-1 monde ferme du jeu synthetique DP, en pourcent",,,,,0.021865889212827987,0.0,0.05587949465500486
risque,gaussien zCDP (delta=1e-6),eps=3,0.147263890080213,20.184941308109998,pool des 2058 humains vague 4,valeur,9,"[20260913, crc32(eps=3), 9]",2058,"top-1 monde ferme du jeu synthetique DP, en pourcent",,,,,0.017006802721088433,0.0,0.0510204081632653
risque,gaussien zCDP (delta=1e-6),eps=3,0.147263890080213,20.184941308109998,pool des 2058 humains vague 4,moyenne sur replicats ; bornes = min du bas et max du haut,10 replicats,"[20260913, crc32(eps=3), 0..9]",2058,"top-1 monde ferme du jeu synthetique DP, en pourcent",,,,,0.05417881438289602,0.0,0.28668610301263364
risque,gaussien zCDP (delta=1e-6),eps=10,1.3530146901688735,6.6592354309644985,pool des 2058 humains vague 4,valeur,0,"[20260913, crc32(eps=10), 0]",2058,"top-1 monde ferme du jeu synthetique DP, en pourcent",,,,,0.019436345966958212,0.0,0.053449951409135076
risque,gaussien zCDP (delta=1e-6),eps=10,1.3530146901688735,6.6592354309644985,pool des 2058 humains vague 4,valeur,1,"[20260913, crc32(eps=10), 1]",2058,"top-1 monde ferme du jeu synthetique DP, en pourcent",,,,,0.048590864917395525,0.0,0.1457725947521866
risque,gaussien zCDP (delta=1e-6),eps=10,1.3530146901688735,6.6592354309644985,pool des 2058 humains vague 4,valeur,2,"[20260913, crc32(eps=10), 2]",2058,"top-1 monde ferme du jeu synthetique DP, en pourcent",,,,,0.12876579203109817,0.014577259475218658,0.2772108843537402
risque,gaussien zCDP (delta=1e-6),eps=10,1.3530146901688735,6.6592354309644985,pool des 2058 humains vague 4,valeur,3,"[20260913, crc32(eps=10), 3]",2058,"top-1 monde ferme du jeu synthetique DP, en pourcent",,,,,0.041302235179786206,0.0,0.10453109815354682
risque,gaussien zCDP (delta=1e-6),eps=10,1.3530146901688735,6.6592354309644985,pool des 2058 humains vague 4,valeur,4,"[20260913, crc32(eps=10), 4]",2058,"top-1 monde ferme du jeu synthetique DP, en pourcent",,,,,0.06802721088435373,0.0,0.1943634596695821
risque,gaussien zCDP (delta=1e-6),eps=10,1.3530146901688735,6.6592354309644985,pool des 2058 humains vague 4,valeur,5,"[20260913, crc32(eps=10), 5]",2058,"top-1 monde ferme du jeu synthetique DP, en pourcent",,,,,0.0315840621963071,0.0,0.08746355685131194
risque,gaussien zCDP (delta=1e-6),eps=10,1.3530146901688735,6.6592354309644985,pool des 2058 humains vague 4,valeur,6,"[20260913, crc32(eps=10), 6]",2058,"top-1 monde ferme du jeu synthetique DP, en pourcent",,,,,0.048590864917395525,0.0,0.1457725947521866
risque,gaussien zCDP (delta=1e-6),eps=10,1.3530146901688735,6.6592354309644985,pool des 2058 humains vague 4,valeur,7,"[20260913, crc32(eps=10), 7]",2058,"top-1 monde ferme du jeu synthetique DP, en pourcent",,,,,0.0,0.0,0.0
risque,gaussien zCDP (delta=1e-6),eps=10,1.3530146901688735,6.6592354309644985,pool des 2058 humains vague 4,valeur,8,"[20260913, crc32(eps=10), 8]",2058,"top-1 monde ferme du jeu synthetique DP, en pourcent",,,,,0.048590864917395525,0.0,0.1457725947521866
risque,gaussien zCDP (delta=1e-6),eps=10,1.3530146901688735,6.6592354309644985,pool des 2058 humains vague 4,valeur,9,"[20260913, crc32(eps=10), 9]",2058,"top-1 monde ferme du jeu synthetique DP, en pourcent",,,,,0.026724975704567545,0.0,0.0728862973760933
risque,gaussien zCDP (delta=1e-6),eps=10,1.3530146901688735,6.6592354309644985,pool des 2058 humains vague 4,moyenne sur replicats ; bornes = min du bas et max du haut,10 replicats,"[20260913, crc32(eps=10), 0..9]",2058,"top-1 monde ferme du jeu synthetique DP, en pourcent",,,,,0.04616132167152575,0.0,0.2772108843537402
risque,gaussien zCDP (delta=1e-6),"eps=infini (temoin, aucun bruit)",inf,0.0,pool des 2058 humains vague 4,valeur,0,"[20260913, crc32(eps=infini (temoin, aucun bruit)), 0]",2058,"top-1 monde ferme du jeu synthetique DP, en pourcent",,,,,0.004859086491739553,0.0,0.014577259475218662
risque,gaussien zCDP (delta=1e-6),"eps=infini (temoin, aucun bruit)",inf,0.0,pool des 2058 humains vague 4,valeur,1,"[20260913, crc32(eps=infini (temoin, aucun bruit)), 1]",2058,"top-1 monde ferme du jeu synthetique DP, en pourcent",,,,,0.048590864917395525,0.0,0.1457725947521866
risque,gaussien zCDP (delta=1e-6),"eps=infini (temoin, aucun bruit)",inf,0.0,pool des 2058 humains vague 4,valeur,2,"[20260913, crc32(eps=infini (temoin, aucun bruit)), 2]",2058,"top-1 monde ferme du jeu synthetique DP, en pourcent",,,,,0.0,0.0,0.0
risque,gaussien zCDP (delta=1e-6),"eps=infini (temoin, aucun bruit)",inf,0.0,pool des 2058 humains vague 4,valeur,3,"[20260913, crc32(eps=infini (temoin, aucun bruit)), 3]",2058,"top-1 monde ferme du jeu synthetique DP, en pourcent",,,,,0.048590864917395525,0.0,0.1457725947521866
risque,gaussien zCDP (delta=1e-6),"eps=infini (temoin, aucun bruit)",inf,0.0,pool des 2058 humains vague 4,valeur,4,"[20260913, crc32(eps=infini (temoin, aucun bruit)), 4]",2058,"top-1 monde ferme du jeu synthetique DP, en pourcent",,,,,0.11175898931000972,0.0,0.27210884353741494
risque,gaussien zCDP (delta=1e-6),"eps=infini (temoin, aucun bruit)",inf,0.0,pool des 2058 humains vague 4,valeur,5,"[20260913, crc32(eps=infini (temoin, aucun bruit)), 5]",2058,"top-1 monde ferme du jeu synthetique DP, en pourcent",,,,,0.017006802721088433,0.0,0.04622206025267216
risque,gaussien zCDP (delta=1e-6),"eps=infini (temoin, aucun bruit)",inf,0.0,pool des 2058 humains vague 4,valeur,6,"[20260913, crc32(eps=infini (temoin, aucun bruit)), 6]",2058,"top-1 monde ferme du jeu synthetique DP, en pourcent",,,,,0.09718172983479105,0.0,0.24295432458697766
risque,gaussien zCDP (delta=1e-6),"eps=infini (temoin, aucun bruit)",inf,0.0,pool des 2058 humains vague 4,valeur,7,"[20260913, crc32(eps=infini (temoin, aucun bruit)), 7]",2058,"top-1 monde ferme du jeu synthetique DP, en pourcent",,,,,0.09718172983479105,0.0,0.24295432458697766
risque,gaussien zCDP (delta=1e-6),"eps=infini (temoin, aucun bruit)",inf,0.0,pool des 2058 humains vague 4,valeur,8,"[20260913, crc32(eps=infini (temoin, aucun bruit)), 8]",2058,"top-1 monde ferme du jeu synthetique DP, en pourcent",,,,,0.0,0.0,0.0
risque,gaussien zCDP (delta=1e-6),"eps=infini (temoin, aucun bruit)",inf,0.0,pool des 2058 humains vague 4,valeur,9,"[20260913, crc32(eps=infini (temoin, aucun bruit)), 9]",2058,"top-1 monde ferme du jeu synthetique DP, en pourcent",,,,,0.09961127308066084,0.012147716229348881,0.22351797862001943
risque,gaussien zCDP (delta=1e-6),"eps=infini (temoin, aucun bruit)",inf,0.0,pool des 2058 humains vague 4,moyenne sur replicats ; bornes = min du bas et max du haut,10 replicats,"[20260913, crc32(eps=infini (temoin, aucun bruit)), 0..9]",2058,"top-1 monde ferme du jeu synthetique DP, en pourcent",,,,,0.05247813411078717,0.0,0.27210884353741494
risque_temoin_ajuste_humains,gaussien zCDP (delta=1e-6),eps=3,0.147263890080213,20.184941308109998,"ajuste sur les humains v4 (F3 NON corrige), attaque contre eux",moyenne sur replicats ; bornes = min du bas et max du haut,10 replicats,"[20260913, 77, crc32(eps=3), 0..9]",2058,"TEMOIN, NE PAS PUBLIER : top-1 monde ferme du generateur ajuste sur les humains, pour situer le 0,09 % du §8 de l'audit",,,,,0.03279883381924198,0.0,0.24295432458697766
risque_temoin_ajuste_humains,gaussien zCDP (delta=1e-6),"eps=infini (temoin, aucun bruit)",inf,0.0,"ajuste sur les humains v4 (F3 NON corrige), attaque contre eux",moyenne sur replicats ; bornes = min du bas et max du haut,10 replicats,"[20260913, 77, crc32(eps=infini (temoin, aucun bruit)), 0..9]",2058,"TEMOIN, NE PAS PUBLIER : top-1 monde ferme du generateur ajuste sur les humains, pour situer le 0,09 % du §8 de l'audit",,,,,0.06219630709426627,0.0,0.3401360544217687
